word,level,difficulty,meaning_zh,pos,topic,example,example_zh,parts_json,note,is_basic,accepted,source
teacher,KET,1,老师,n.,学习与课堂,Our teacher draws a map.,老师画了一张地图。,"[{""text"": ""teach"", ""kind"": ""root"", ""meaning"": ""教""}, {""text"": ""-er"", ""kind"": ""suffix"", ""meaning"": ""做某事的人或物"", ""story"": ""表示做事者的 -er 有古英语 -ere 等历史来源。它常把动作变成做这个动作的人；比较级里的 -er 是另一种用法。"", ""source"": ""https://www.merriam-webster.com/dictionary/-er""}]",动作词 + -er，表示做这件事的人；printer 在本课指执行打印动作的机器。,0,,https://www.cambridgeenglish.org/images/506886-a2-key-2020-vocabulary-list.pdf
student,KET,1,学生,n.,学习与课堂,The student asks a question.,这名学生问了一个问题。,[],结合例句与生活场景整体记忆，不按相同字母强行拆词。,0,,https://www.cambridgeenglish.org/images/506886-a2-key-2020-vocabulary-list.pdf
classroom,KET,1,教室,n.,学习与课堂,Our classroom has six windows.,我们的教室有六扇窗。,"[{""text"": ""class"", ""kind"": ""compound"", ""meaning"": ""班级；课""}, {""text"": ""room"", ""kind"": ""compound"", ""meaning"": ""房间""}]",这是现代英语中可以辨认的合成成分。把两个意思连起来理解，再用例句确认完整词义。,0,,https://www.cambridgeenglish.org/images/506886-a2-key-2020-vocabulary-list.pdf
homework,KET,1,家庭作业,n.,学习与课堂,I finish my homework before dinner.,我在晚饭前完成作业。,"[{""text"": ""home"", ""kind"": ""compound"", ""meaning"": ""家""}, {""text"": ""work"", ""kind"": ""compound"", ""meaning"": ""工作；功课""}]",这是现代英语中可以辨认的合成成分。把两个意思连起来理解，再用例句确认完整词义。,0,,https://www.cambridgeenglish.org/images/506886-a2-key-2020-vocabulary-list.pdf
notebook,KET,1,笔记本,n.,学习与课堂,Write your idea in this notebook.,把你的想法写在这本笔记本里。,"[{""text"": ""note"", ""kind"": ""compound"", ""meaning"": ""笔记""}, {""text"": ""book"", ""kind"": ""compound"", ""meaning"": ""本子；书""}]",这是现代英语中可以辨认的合成成分。把两个意思连起来理解，再用例句确认完整词义。,0,,https://www.cambridgeenglish.org/images/506886-a2-key-2020-vocabulary-list.pdf
dictionary,KET,3,词典,n.,学习与课堂,Use a dictionary to check this word.,用词典查一下这个单词。,[],结合例句与生活场景整体记忆，不按相同字母强行拆词。,0,,https://www.cambridgeenglish.org/images/506886-a2-key-2020-vocabulary-list.pdf
subject,KET,2,学科,n.,学习与课堂,Art is my favourite subject.,美术是我最喜欢的学科。,[],结合例句与生活场景整体记忆，不按相同字母强行拆词。,0,,https://www.cambridgeenglish.org/images/506886-a2-key-2020-vocabulary-list.pdf
lesson,KET,1,课,n.,学习与课堂,Our music lesson starts at ten.,我们的音乐课十点开始。,[],结合例句与生活场景整体记忆，不按相同字母强行拆词。,0,,https://www.cambridgeenglish.org/images/506886-a2-key-2020-vocabulary-list.pdf
language,KET,3,语言,n.,学习与课堂,We learn a new language together.,我们一起学习一门新语言。,[],结合例句与生活场景整体记忆，不按相同字母强行拆词。,0,,https://www.cambridgeenglish.org/images/506886-a2-key-2020-vocabulary-list.pdf
sentence,KET,2,句子,n.,学习与课堂,Make a sentence about your family.,造一个关于你家人的句子。,[],结合例句与生活场景整体记忆，不按相同字母强行拆词。,0,,https://www.cambridgeenglish.org/images/506886-a2-key-2020-vocabulary-list.pdf
mistake,KET,2,错误,n.,学习与课堂,I found a mistake in my answer.,我发现答案里有个错误。,[],结合例句与生活场景整体记忆，不按相同字母强行拆词。,0,,https://www.cambridgeenglish.org/images/506886-a2-key-2020-vocabulary-list.pdf
answer,KET,1,答案；回答,n.; v.,学习与课堂,Please answer in a full sentence.,请用完整的句子回答。,[],结合例句与生活场景整体记忆，不按相同字母强行拆词。,0,,https://www.cambridgeenglish.org/images/506886-a2-key-2020-vocabulary-list.pdf
question,KET,1,问题,n.,学习与课堂,That is an interesting question.,那是个有趣的问题。,[],结合例句与生活场景整体记忆，不按相同字母强行拆词。,0,,https://www.cambridgeenglish.org/images/506886-a2-key-2020-vocabulary-list.pdf
explain,KET,3,解释,v.,学习与课堂,Can you explain the rules?,你能解释一下规则吗？,[],结合例句与生活场景整体记忆，不按相同字母强行拆词。,0,,https://www.cambridgeenglish.org/images/506886-a2-key-2020-vocabulary-list.pdf
remember,KET,2,记得,v.,学习与课堂,I remember your birthday.,我记得你的生日。,[],结合例句与生活场景整体记忆，不按相同字母强行拆词。,0,,https://www.cambridgeenglish.org/images/506886-a2-key-2020-vocabulary-list.pdf
forget,KET,2,忘记,v.,学习与课堂,Do not forget your notebook.,别忘了你的笔记本。,[],结合例句与生活场景整体记忆，不按相同字母强行拆词。,0,,https://www.cambridgeenglish.org/images/506886-a2-key-2020-vocabulary-list.pdf
practise,KET,2,练习,v.,学习与课堂,We practise English after lunch.,我们午饭后练习英语。,[],结合例句与生活场景整体记忆，不按相同字母强行拆词。,0,practice,https://www.cambridgeenglish.org/images/506886-a2-key-2020-vocabulary-list.pdf
spell,KET,2,拼写,v.,学习与课堂,Can you spell your name?,你能拼写自己的名字吗？,[],结合例句与生活场景整体记忆，不按相同字母强行拆词。,0,,https://www.cambridgeenglish.org/images/506886-a2-key-2020-vocabulary-list.pdf
learn,KET,1,学习,v.,学习与课堂,I want to learn to swim.,我想学习游泳。,[],结合例句与生活场景整体记忆，不按相同字母强行拆词。,0,,https://www.cambridgeenglish.org/images/506886-a2-key-2020-vocabulary-list.pdf
teach,KET,1,教,v.,学习与课堂,Can you teach me this song?,你能教我这首歌吗？,"[{""text"": ""teach"", ""kind"": ""root"", ""meaning"": ""教""}]",结合例句与生活场景整体记忆，不按相同字母强行拆词。,0,,https://www.cambridgeenglish.org/images/506886-a2-key-2020-vocabulary-list.pdf
read,KET,1,阅读,v.,学习与课堂,We read a story together.,我们一起读一个故事。,[],结合例句与生活场景整体记忆，不按相同字母强行拆词。,0,,https://www.cambridgeenglish.org/images/506886-a2-key-2020-vocabulary-list.pdf
write,KET,1,写,v.,学习与课堂,Write a letter to your friend.,给你的朋友写封信。,"[{""text"": ""write"", ""kind"": ""root"", ""meaning"": ""写""}]",结合例句与生活场景整体记忆，不按相同字母强行拆词。,0,,https://www.cambridgeenglish.org/images/506886-a2-key-2020-vocabulary-list.pdf
library,KET,1,图书馆,n.,学习与课堂,The library closes at six.,图书馆六点关门。,[],结合例句与生活场景整体记忆，不按相同字母强行拆词。,0,,https://www.cambridgeenglish.org/images/506886-a2-key-2020-vocabulary-list.pdf
exam,KET,2,考试,n.,学习与课堂,My English exam is on Friday.,我的英语考试在星期五。,[],结合例句与生活场景整体记忆，不按相同字母强行拆词。,0,,https://www.cambridgeenglish.org/images/506886-a2-key-2020-vocabulary-list.pdf
actor,KET,2,演员,n.,人物与职业,The actor wears a funny hat.,那名演员戴着一顶有趣的帽子。,"[{""text"": ""act"", ""kind"": ""root"", ""meaning"": ""表演""}, {""text"": ""-or"", ""kind"": ""suffix"", ""meaning"": ""做某事的人""}]",act + -or 表示表演的人。这个词使用 -or，不是 -er。,0,,https://www.cambridgeenglish.org/images/506886-a2-key-2020-vocabulary-list.pdf
artist,KET,2,艺术家；画家,n.,人物与职业,The artist paints a blue sea.,画家画了一片蓝色的大海。,"[{""text"": ""art"", ""kind"": ""root"", ""meaning"": ""艺术""}, {""text"": ""-ist"", ""kind"": ""suffix"", ""meaning"": ""从事某种活动的人""}]",art + -ist 表示从事艺术的人。,0,,https://www.cambridgeenglish.org/images/506886-a2-key-2020-vocabulary-list.pdf
singer,KET,2,歌手,n.,人物与职业,The singer comes from London.,这名歌手来自伦敦。,"[{""text"": ""sing"", ""kind"": ""root"", ""meaning"": ""唱""}, {""text"": ""-er"", ""kind"": ""suffix"", ""meaning"": ""做某事的人或物"", ""story"": ""表示做事者的 -er 有古英语 -ere 等历史来源。它常把动作变成做这个动作的人；比较级里的 -er 是另一种用法。"", ""source"": ""https://www.merriam-webster.com/dictionary/-er""}]",动作词 + -er，表示做这件事的人；printer 在本课指执行打印动作的机器。,0,,https://www.cambridgeenglish.org/images/506886-a2-key-2020-vocabulary-list.pdf
dancer,KET,2,舞蹈演员,n.,人物与职业,The dancer moves very quickly.,这名舞蹈演员动作很快。,"[{""text"": ""dance"", ""kind"": ""root"", ""meaning"": ""跳舞""}, {""text"": ""-er"", ""kind"": ""suffix"", ""meaning"": ""做某事的人或物"", ""story"": ""表示做事者的 -er 有古英语 -ere 等历史来源。它常把动作变成做这个动作的人；比较级里的 -er 是另一种用法。"", ""source"": ""https://www.merriam-webster.com/dictionary/-er""}]",词基以不发音的 e 结尾，接 -er 时先去掉 e，再加 -er。,0,,https://www.cambridgeenglish.org/images/506886-a2-key-2020-vocabulary-list.pdf
driver,KET,2,司机,n.,人物与职业,The driver stops near the school.,司机在学校附近停车。,"[{""text"": ""drive"", ""kind"": ""root"", ""meaning"": ""驾驶""}, {""text"": ""-er"", ""kind"": ""suffix"", ""meaning"": ""做某事的人或物"", ""story"": ""表示做事者的 -er 有古英语 -ere 等历史来源。它常把动作变成做这个动作的人；比较级里的 -er 是另一种用法。"", ""source"": ""https://www.merriam-webster.com/dictionary/-er""}]",词基以不发音的 e 结尾，接 -er 时先去掉 e，再加 -er。,0,,https://www.cambridgeenglish.org/images/506886-a2-key-2020-vocabulary-list.pdf
farmer,KET,2,农民,n.,人物与职业,The farmer grows carrots.,这位农民种胡萝卜。,"[{""text"": ""farm"", ""kind"": ""root"", ""meaning"": ""耕作""}, {""text"": ""-er"", ""kind"": ""suffix"", ""meaning"": ""做某事的人或物"", ""story"": ""表示做事者的 -er 有古英语 -ere 等历史来源。它常把动作变成做这个动作的人；比较级里的 -er 是另一种用法。"", ""source"": ""https://www.merriam-webster.com/dictionary/-er""}]",动作词 + -er，表示做这件事的人；printer 在本课指执行打印动作的机器。,0,,https://www.cambridgeenglish.org/images/506886-a2-key-2020-vocabulary-list.pdf
worker,KET,2,工人；工作者,n.,人物与职业,The worker repairs the door.,工人修理这扇门。,"[{""text"": ""work"", ""kind"": ""root"", ""meaning"": ""工作""}, {""text"": ""-er"", ""kind"": ""suffix"", ""meaning"": ""做某事的人或物"", ""story"": ""表示做事者的 -er 有古英语 -ere 等历史来源。它常把动作变成做这个动作的人；比较级里的 -er 是另一种用法。"", ""source"": ""https://www.merriam-webster.com/dictionary/-er""}]",动作词 + -er，表示做这件事的人；printer 在本课指执行打印动作的机器。,0,,https://www.cambridgeenglish.org/images/506886-a2-key-2020-vocabulary-list.pdf
writer,KET,2,作家,n.,人物与职业,This writer tells wonderful stories.,这位作家讲述精彩的故事。,"[{""text"": ""write"", ""kind"": ""root"", ""meaning"": ""写""}, {""text"": ""-er"", ""kind"": ""suffix"", ""meaning"": ""做某事的人或物"", ""story"": ""表示做事者的 -er 有古英语 -ere 等历史来源。它常把动作变成做这个动作的人；比较级里的 -er 是另一种用法。"", ""source"": ""https://www.merriam-webster.com/dictionary/-er""}]",词基以不发音的 e 结尾，接 -er 时先去掉 e，再加 -er。,0,,https://www.cambridgeenglish.org/images/506886-a2-key-2020-vocabulary-list.pdf
painter,KET,2,画家；油漆工,n.,人物与职业,The painter is painting our kitchen.,油漆工正在粉刷我们的厨房。,"[{""text"": ""paint"", ""kind"": ""root"", ""meaning"": ""画；涂漆""}, {""text"": ""-er"", ""kind"": ""suffix"", ""meaning"": ""做某事的人或物"", ""story"": ""表示做事者的 -er 有古英语 -ere 等历史来源。它常把动作变成做这个动作的人；比较级里的 -er 是另一种用法。"", ""source"": ""https://www.merriam-webster.com/dictionary/-er""}]",动作词 + -er，表示做这件事的人；printer 在本课指执行打印动作的机器。,0,,https://www.cambridgeenglish.org/images/506886-a2-key-2020-vocabulary-list.pdf
photographer,KET,3,摄影师,n.,人物与职业,The photographer takes a picture of us.,摄影师给我们拍了一张照片。,[],结合例句与生活场景整体记忆，不按相同字母强行拆词。,0,,https://www.cambridgeenglish.org/images/506886-a2-key-2020-vocabulary-list.pdf
doctor,KET,2,医生,n.,人物与职业,The doctor listens carefully.,医生仔细地听着。,[],结合例句与生活场景整体记忆，不按相同字母强行拆词。,0,,https://www.cambridgeenglish.org/images/506886-a2-key-2020-vocabulary-list.pdf
nurse,KET,2,护士,n.,人物与职业,The nurse brings me some water.,护士给我拿来一些水。,[],结合例句与生活场景整体记忆，不按相同字母强行拆词。,0,,https://www.cambridgeenglish.org/images/506886-a2-key-2020-vocabulary-list.pdf
dentist,KET,3,牙医,n.,人物与职业,I visit the dentist on Monday.,我星期一去看牙医。,[],结合例句与生活场景整体记忆，不按相同字母强行拆词。,0,,https://www.cambridgeenglish.org/images/506886-a2-key-2020-vocabulary-list.pdf
engineer,KET,3,工程师,n.,人物与职业,My aunt is an engineer.,我的姑姑是一名工程师。,[],本课整体记忆。相同字母不等于相同词根；请结合例句回忆实际含义。,0,,https://www.cambridgeenglish.org/images/506886-a2-key-2020-vocabulary-list.pdf
mechanic,KET,3,机械修理工,n.,人物与职业,The mechanic repairs my bike.,修理工修理我的自行车。,[],结合例句与生活场景整体记忆，不按相同字母强行拆词。,0,,https://www.cambridgeenglish.org/images/506886-a2-key-2020-vocabulary-list.pdf
waiter,KET,2,服务员,n.,人物与职业,The waiter brings our lunch.,服务员端来了我们的午饭。,[],结合例句与生活场景整体记忆，不按相同字母强行拆词。,0,,https://www.cambridgeenglish.org/images/506886-a2-key-2020-vocabulary-list.pdf
manager,KET,3,经理,n.,人物与职业,The manager opens the shop.,经理打开商店的门。,[],结合例句与生活场景整体记忆，不按相同字母强行拆词。,0,,https://www.cambridgeenglish.org/images/506886-a2-key-2020-vocabulary-list.pdf
customer,KET,3,顾客,n.,人物与职业,A customer wants a red jacket.,一位顾客想要一件红夹克。,[],结合例句与生活场景整体记忆，不按相同字母强行拆词。,0,,https://www.cambridgeenglish.org/images/506886-a2-key-2020-vocabulary-list.pdf
visitor,KET,2,来访者；游客,n.,人物与职业,The visitor asks for a map.,游客想要一张地图。,[],结合例句与生活场景整体记忆，不按相同字母强行拆词。,0,,https://www.cambridgeenglish.org/images/506886-a2-key-2020-vocabulary-list.pdf
tourist,KET,3,游客,n.,人物与职业,The tourist takes a photo of the bridge.,游客给桥拍了一张照片。,[],结合例句与生活场景整体记忆，不按相同字母强行拆词。,0,,https://www.cambridgeenglish.org/images/506886-a2-key-2020-vocabulary-list.pdf
beginner,KET,3,初学者,n.,人物与职业,This class is for a beginner.,这堂课适合初学者。,"[{""text"": ""begin"", ""kind"": ""root"", ""meaning"": ""开始""}, {""text"": ""-er"", ""kind"": ""suffix"", ""meaning"": ""做某事的人或物"", ""story"": ""表示做事者的 -er 有古英语 -ere 等历史来源。它常把动作变成做这个动作的人；比较级里的 -er 是另一种用法。"", ""source"": ""https://www.merriam-webster.com/dictionary/-er""}]",注意拼写：末尾辅音字母双写后再接 -er。,0,,https://www.cambridgeenglish.org/images/506886-a2-key-2020-vocabulary-list.pdf
player,KET,2,运动员；游戏参与者,n.,人物与职业,Each player has a number.,每个运动员都有一个号码。,"[{""text"": ""play"", ""kind"": ""root"", ""meaning"": ""玩；参加运动""}, {""text"": ""-er"", ""kind"": ""suffix"", ""meaning"": ""做某事的人或物"", ""story"": ""表示做事者的 -er 有古英语 -ere 等历史来源。它常把动作变成做这个动作的人；比较级里的 -er 是另一种用法。"", ""source"": ""https://www.merriam-webster.com/dictionary/-er""}]",动作词 + -er，表示做这件事的人；printer 在本课指执行打印动作的机器。,0,,https://www.cambridgeenglish.org/images/506886-a2-key-2020-vocabulary-list.pdf
runner,KET,2,跑步者,n.,人物与职业,The runner drinks some water.,跑步者喝了些水。,"[{""text"": ""run"", ""kind"": ""root"", ""meaning"": ""跑""}, {""text"": ""-er"", ""kind"": ""suffix"", ""meaning"": ""做某事的人或物"", ""story"": ""表示做事者的 -er 有古英语 -ere 等历史来源。它常把动作变成做这个动作的人；比较级里的 -er 是另一种用法。"", ""source"": ""https://www.merriam-webster.com/dictionary/-er""}]",注意拼写：末尾辅音字母双写后再接 -er。,0,,https://www.cambridgeenglish.org/images/506886-a2-key-2020-vocabulary-list.pdf
member,KET,2,成员,n.,人物与职业,I am a member of the chess club.,我是国际象棋俱乐部的成员。,[],结合例句与生活场景整体记忆，不按相同字母强行拆词。,0,,https://www.cambridgeenglish.org/images/506886-a2-key-2020-vocabulary-list.pdf
family,KET,1,家庭；家人,n.,家人与朋友,My family eats together on Sundays.,我的家人星期天一起吃饭。,[],结合例句与生活场景整体记忆，不按相同字母强行拆词。,0,,https://www.cambridgeenglish.org/images/506886-a2-key-2020-vocabulary-list.pdf
parent,KET,1,父亲或母亲,n.,家人与朋友,Each parent gets a school letter.,每位家长都收到一封学校来信。,[],结合例句与生活场景整体记忆，不按相同字母强行拆词。,0,,https://www.cambridgeenglish.org/images/506886-a2-key-2020-vocabulary-list.pdf
cousin,KET,1,堂兄弟姐妹；表兄弟姐妹,n.,家人与朋友,My cousin lives near the sea.,我的表妹住在海边。,[],结合例句与生活场景整体记忆，不按相同字母强行拆词。,0,,https://www.cambridgeenglish.org/images/506886-a2-key-2020-vocabulary-list.pdf
neighbour,KET,2,邻居,n.,家人与朋友,Our neighbour has a friendly dog.,我们的邻居有一只友善的狗。,[],结合例句与生活场景整体记忆，不按相同字母强行拆词。,0,neighbor,https://www.cambridgeenglish.org/images/506886-a2-key-2020-vocabulary-list.pdf
grandmother,KET,1,祖母；外祖母,n.,家人与朋友,My grandmother makes lovely soup.,我的奶奶做的汤很好喝。,[],结合例句与生活场景整体记忆，不按相同字母强行拆词。,0,,https://www.cambridgeenglish.org/images/506886-a2-key-2020-vocabulary-list.pdf
grandfather,KET,1,祖父；外祖父,n.,家人与朋友,My grandfather likes fishing.,我的爷爷喜欢钓鱼。,[],结合例句与生活场景整体记忆，不按相同字母强行拆词。,0,,https://www.cambridgeenglish.org/images/506886-a2-key-2020-vocabulary-list.pdf
grandparent,KET,2,祖父母或外祖父母之一,n.,家人与朋友,One grandparent lives with us.,我的一位祖辈和我们住在一起。,[],结合例句与生活场景整体记忆，不按相同字母强行拆词。,0,,https://www.cambridgeenglish.org/images/506886-a2-key-2020-vocabulary-list.pdf
grandchild,KET,2,孙辈；外孙辈,n.,家人与朋友,Their youngest grandchild is six.,他们最小的孙辈六岁。,[],结合例句与生活场景整体记忆，不按相同字母强行拆词。,0,,https://www.cambridgeenglish.org/images/506886-a2-key-2020-vocabulary-list.pdf
teenager,KET,3,青少年,n.,家人与朋友,My brother is a teenager.,我的哥哥是个青少年。,[],结合例句与生活场景整体记忆，不按相同字母强行拆词。,0,,https://www.cambridgeenglish.org/images/506886-a2-key-2020-vocabulary-list.pdf
adult,KET,2,成年人；成年的,n.; adj.,家人与朋友,Children need an adult with them.,孩子需要一位成年人陪同。,[],结合例句与生活场景整体记忆，不按相同字母强行拆词。,0,,https://www.cambridgeenglish.org/images/506886-a2-key-2020-vocabulary-list.pdf
guest,KET,2,客人,n.,家人与朋友,We have a guest for dinner.,我们有一位客人来吃晚饭。,[],结合例句与生活场景整体记忆，不按相同字母强行拆词。,0,,https://www.cambridgeenglish.org/images/506886-a2-key-2020-vocabulary-list.pdf
husband,KET,2,丈夫,n.,家人与朋友,Her husband works at the library.,她的丈夫在图书馆工作。,[],结合例句与生活场景整体记忆，不按相同字母强行拆词。,0,,https://www.cambridgeenglish.org/images/506886-a2-key-2020-vocabulary-list.pdf
wife,KET,2,妻子,n.,家人与朋友,His wife is a music teacher.,他的妻子是一位音乐老师。,[],结合例句与生活场景整体记忆，不按相同字母强行拆词。,0,,https://www.cambridgeenglish.org/images/506886-a2-key-2020-vocabulary-list.pdf
friend,KET,1,朋友,n.,家人与朋友,My friend helps me with maths.,我的朋友帮我学数学。,[],结合例句与生活场景整体记忆，不按相同字母强行拆词。,0,,https://www.cambridgeenglish.org/images/506886-a2-key-2020-vocabulary-list.pdf
friendly,KET,1,友好的,adj.,家人与朋友,The new student is friendly.,新来的学生很友好。,"[{""text"": ""friend"", ""kind"": ""root"", ""meaning"": ""朋友""}, {""text"": ""-ly"", ""kind"": ""suffix"", ""meaning"": ""具有……特点的（构成形容词）""}]",friendly 中的 -ly 构成形容词，不能把所有 -ly 词都当作副词。,0,,https://www.cambridgeenglish.org/images/506886-a2-key-2020-vocabulary-list.pdf
kind,KET,1,友善的,adj.,家人与朋友,It is kind of you to help.,你愿意帮忙真友善。,[],结合例句与生活场景整体记忆，不按相同字母强行拆词。,0,,https://www.cambridgeenglish.org/images/506886-a2-key-2020-vocabulary-list.pdf
alone,KET,2,独自的；独自,adj.; adv.,家人与朋友,She does not want to walk alone.,她不想独自走路。,[],结合例句与生活场景整体记忆，不按相同字母强行拆词。,0,,https://www.cambridgeenglish.org/images/506886-a2-key-2020-vocabulary-list.pdf
together,KET,2,一起,adv.,家人与朋友,We build a small house together.,我们一起搭一座小房子。,[],结合例句与生活场景整体记忆，不按相同字母强行拆词。,0,,https://www.cambridgeenglish.org/images/506886-a2-key-2020-vocabulary-list.pdf
invite,KET,2,邀请,v.,家人与朋友,Let's invite our neighbours.,我们邀请邻居吧。,[],结合例句与生活场景整体记忆，不按相同字母强行拆词。,0,,https://www.cambridgeenglish.org/images/506886-a2-key-2020-vocabulary-list.pdf
invitation,KET,3,邀请；请柬,n.,家人与朋友,I made an invitation for my party.,我给自己的聚会做了一张请柬。,[],结合例句与生活场景整体记忆，不按相同字母强行拆词。,0,,https://www.cambridgeenglish.org/images/506886-a2-key-2020-vocabulary-list.pdf
happy,KET,1,快乐的,adj.,感受与性格,I am happy to see you.,见到你我很开心。,[],结合例句与生活场景整体记忆，不按相同字母强行拆词。,0,,https://www.cambridgeenglish.org/images/506886-a2-key-2020-vocabulary-list.pdf
unhappy,KET,1,不开心的,adj.,感受与性格,He feels unhappy about the rain.,下雨让他不开心。,"[{""text"": ""un-"", ""kind"": ""prefix"", ""meaning"": ""不；非"", ""story"": ""表示否定的 un- 在古英语中就已存在，意思是“不”。给形容词加上它，常能把意思转向相反的一边。"", ""source"": ""https://www.merriam-webster.com/dictionary/un-""}, {""text"": ""happy"", ""kind"": ""root"", ""meaning"": ""快乐的""}]",先说出词基的意思，再想一想加上否定前缀后发生了什么变化。,0,,https://www.cambridgeenglish.org/images/506886-a2-key-2020-vocabulary-list.pdf
afraid,KET,1,害怕的,adj.,感受与性格,My sister is afraid of spiders.,我的妹妹怕蜘蛛。,[],结合例句与生活场景整体记忆，不按相同字母强行拆词。,0,,https://www.cambridgeenglish.org/images/506886-a2-key-2020-vocabulary-list.pdf
angry,KET,1,生气的,adj.,感受与性格,He is angry about the broken toy.,玩具坏了让他很生气。,[],结合例句与生活场景整体记忆，不按相同字母强行拆词。,0,,https://www.cambridgeenglish.org/images/506886-a2-key-2020-vocabulary-list.pdf
worried,KET,2,担心的,adj.,感受与性格,I am worried about my cat.,我很担心我的猫。,[],结合例句与生活场景整体记忆，不按相同字母强行拆词。,0,,https://www.cambridgeenglish.org/images/506886-a2-key-2020-vocabulary-list.pdf
excited,KET,2,兴奋的,adj.,感受与性格,We are excited about the trip.,我们对这次旅行很兴奋。,[],结合例句与生活场景整体记忆，不按相同字母强行拆词。,0,,https://www.cambridgeenglish.org/images/506886-a2-key-2020-vocabulary-list.pdf
exciting,KET,2,令人兴奋的,adj.,感受与性格,It is an exciting story.,这是一个令人兴奋的故事。,[],结合例句与生活场景整体记忆，不按相同字母强行拆词。,0,,https://www.cambridgeenglish.org/images/506886-a2-key-2020-vocabulary-list.pdf
interested,KET,3,感兴趣的,adj.,感受与性格,I am interested in robots.,我对机器人感兴趣。,[],结合例句与生活场景整体记忆，不按相同字母强行拆词。,0,,https://www.cambridgeenglish.org/images/506886-a2-key-2020-vocabulary-list.pdf
interesting,KET,3,有趣的,adj.,感受与性格,We find an interesting book.,我们找到了一本有趣的书。,[],结合例句与生活场景整体记忆，不按相同字母强行拆词。,0,,https://www.cambridgeenglish.org/images/506886-a2-key-2020-vocabulary-list.pdf
bored,KET,2,感到无聊的,adj.,感受与性格,I feel bored on the long journey.,长途旅行让我感到无聊。,[],结合例句与生活场景整体记忆，不按相同字母强行拆词。,0,,https://www.cambridgeenglish.org/images/506886-a2-key-2020-vocabulary-list.pdf
boring,KET,2,令人无聊的,adj.,感受与性格,This film is a little boring.,这部电影有点无聊。,[],结合例句与生活场景整体记忆，不按相同字母强行拆词。,0,,https://www.cambridgeenglish.org/images/506886-a2-key-2020-vocabulary-list.pdf
surprised,KET,3,惊讶的,adj.,感受与性格,She is surprised to see the cake.,看到蛋糕她很惊讶。,[],结合例句与生活场景整体记忆，不按相同字母强行拆词。,0,,https://www.cambridgeenglish.org/images/506886-a2-key-2020-vocabulary-list.pdf
tired,KET,1,疲倦的,adj.,感受与性格,I feel tired after the game.,比赛后我觉得累。,[],结合例句与生活场景整体记忆，不按相同字母强行拆词。,0,,https://www.cambridgeenglish.org/images/506886-a2-key-2020-vocabulary-list.pdf
hungry,KET,1,饥饿的,adj.,感受与性格,The children are hungry after school.,孩子们放学后饿了。,[],结合例句与生活场景整体记忆，不按相同字母强行拆词。,0,,https://www.cambridgeenglish.org/images/506886-a2-key-2020-vocabulary-list.pdf
thirsty,KET,1,口渴的,adj.,感受与性格,I am thirsty after running.,跑步后我口渴了。,[],结合例句与生活场景整体记忆，不按相同字母强行拆词。,0,,https://www.cambridgeenglish.org/images/506886-a2-key-2020-vocabulary-list.pdf
clever,KET,2,聪明的,adj.,感受与性格,The clever dog opens the gate.,这只聪明的狗打开了门。,[],结合例句与生活场景整体记忆，不按相同字母强行拆词。,0,,https://www.cambridgeenglish.org/images/506886-a2-key-2020-vocabulary-list.pdf
brave,KET,2,勇敢的,adj.,感受与性格,The brave child tries again.,勇敢的孩子又试了一次。,[],结合例句与生活场景整体记忆，不按相同字母强行拆词。,0,,https://www.cambridgeenglish.org/images/506886-a2-key-2020-vocabulary-list.pdf
careful,KET,3,小心的；仔细的,adj.,感受与性格,Be careful with the glass.,拿玻璃杯时要小心。,"[{""text"": ""care"", ""kind"": ""root"", ""meaning"": ""小心；关心""}, {""text"": ""-ful"", ""kind"": ""suffix"", ""meaning"": ""有……特征的；充满……的"", ""story"": ""-ful 可以追溯到古英语中表示“满的”的 full。如今它常表示具有某种特征；作后缀时只写一个 l。"", ""source"": ""https://www.merriam-webster.com/dictionary/-ful""}]",接上 -ful，常表示具有这个词基描述的特征。,0,,https://www.cambridgeenglish.org/images/506886-a2-key-2020-vocabulary-list.pdf
helpful,KET,3,乐于助人的；有帮助的,adj.,感受与性格,Your advice is helpful.,你的建议很有帮助。,"[{""text"": ""help"", ""kind"": ""root"", ""meaning"": ""帮助""}, {""text"": ""-ful"", ""kind"": ""suffix"", ""meaning"": ""有……特征的；充满……的"", ""story"": ""-ful 可以追溯到古英语中表示“满的”的 full。如今它常表示具有某种特征；作后缀时只写一个 l。"", ""source"": ""https://www.merriam-webster.com/dictionary/-ful""}]",接上 -ful，常表示具有这个词基描述的特征。,0,,https://www.cambridgeenglish.org/images/506886-a2-key-2020-vocabulary-list.pdf
polite,KET,3,有礼貌的,adj.,感受与性格,The child gives a polite answer.,孩子礼貌地回答了。,[],结合例句与生活场景整体记忆，不按相同字母强行拆词。,0,,https://www.cambridgeenglish.org/images/506886-a2-key-2020-vocabulary-list.pdf
lazy,KET,2,懒惰的,adj.,感受与性格,Our lazy cat sleeps all afternoon.,我们懒洋洋的猫睡了一下午。,[],结合例句与生活场景整体记忆，不按相同字母强行拆词。,0,,https://www.cambridgeenglish.org/images/506886-a2-key-2020-vocabulary-list.pdf
quiet,KET,1,安静的,adj.,感受与性格,The garden is quiet this morning.,今天早晨花园很安静。,[],结合例句与生活场景整体记忆，不按相同字母强行拆词。,0,,https://www.cambridgeenglish.org/images/506886-a2-key-2020-vocabulary-list.pdf
noisy,KET,2,吵闹的,adj.,感受与性格,The classroom gets noisy at lunch.,午饭时教室变得吵闹。,"[{""text"": ""noise"", ""kind"": ""root"", ""meaning"": ""噪声""}, {""text"": ""-y"", ""kind"": ""suffix"", ""meaning"": ""有……特征的""}]",sunny、foggy 双写末尾辅音；noisy 去掉 noise 的 e。只留意本词适用的变化。,0,,https://www.cambridgeenglish.org/images/506886-a2-key-2020-vocabulary-list.pdf
lucky,KET,2,幸运的,adj.,感受与性格,We are lucky to have sunny weather.,我们很幸运遇上了晴天。,"[{""text"": ""luck"", ""kind"": ""root"", ""meaning"": ""运气""}, {""text"": ""-y"", ""kind"": ""suffix"", ""meaning"": ""有……特征的""}]",sunny、foggy 双写末尾辅音；noisy 去掉 noise 的 e。只留意本词适用的变化。,0,,https://www.cambridgeenglish.org/images/506886-a2-key-2020-vocabulary-list.pdf
bedroom,KET,1,卧室,n.,家与日常,My bedroom has a yellow wall.,我的卧室有一面黄色的墙。,"[{""text"": ""bed"", ""kind"": ""compound"", ""meaning"": ""床""}, {""text"": ""room"", ""kind"": ""compound"", ""meaning"": ""房间""}]",这是现代英语中可以辨认的合成成分。把两个意思连起来理解，再用例句确认完整词义。,0,,https://www.cambridgeenglish.org/images/506886-a2-key-2020-vocabulary-list.pdf
bathroom,KET,1,浴室；卫生间,n.,家与日常,The bathroom is upstairs.,浴室在楼上。,"[{""text"": ""bath"", ""kind"": ""compound"", ""meaning"": ""洗澡""}, {""text"": ""room"", ""kind"": ""compound"", ""meaning"": ""房间""}]",这是现代英语中可以辨认的合成成分。把两个意思连起来理解，再用例句确认完整词义。,0,,https://www.cambridgeenglish.org/images/506886-a2-key-2020-vocabulary-list.pdf
living room,KET,2,客厅,n.,家与日常,We play cards in the living room.,我们在客厅打牌。,"[{""text"": ""living"", ""kind"": ""compound"", ""meaning"": ""生活；起居""}, {""text"": ""room"", ""kind"": ""compound"", ""meaning"": ""房间""}]",这是现代英语中可以辨认的合成成分。把两个意思连起来理解，再用例句确认完整词义。,0,,https://www.cambridgeenglish.org/images/506886-a2-key-2020-vocabulary-list.pdf
dining room,KET,2,餐厅；饭厅,n.,家与日常,The dining room has a round table.,饭厅里有一张圆桌。,"[{""text"": ""dining"", ""kind"": ""compound"", ""meaning"": ""用餐""}, {""text"": ""room"", ""kind"": ""compound"", ""meaning"": ""房间""}]",这是现代英语中可以辨认的合成成分。把两个意思连起来理解，再用例句确认完整词义。,0,,https://www.cambridgeenglish.org/images/506886-a2-key-2020-vocabulary-list.pdf
kitchen,KET,1,厨房,n.,家与日常,A lovely smell comes from the kitchen.,厨房里飘来一阵香味。,[],结合例句与生活场景整体记忆，不按相同字母强行拆词。,0,,https://www.cambridgeenglish.org/images/506886-a2-key-2020-vocabulary-list.pdf
cupboard,KET,2,橱柜,n.,家与日常,Put the cups in the cupboard.,把杯子放进橱柜。,[],结合例句与生活场景整体记忆，不按相同字母强行拆词。,0,,https://www.cambridgeenglish.org/images/506886-a2-key-2020-vocabulary-list.pdf
bookshelf,KET,2,书架,n.,家与日常,The blue book is on the bookshelf.,蓝色的书在书架上。,"[{""text"": ""book"", ""kind"": ""compound"", ""meaning"": ""书""}, {""text"": ""shelf"", ""kind"": ""compound"", ""meaning"": ""架子""}]",这是现代英语中可以辨认的合成成分。把两个意思连起来理解，再用例句确认完整词义。,0,,https://www.cambridgeenglish.org/images/506886-a2-key-2020-vocabulary-list.pdf
armchair,KET,2,扶手椅,n.,家与日常,Grandpa reads in his armchair.,爷爷坐在扶手椅上看书。,"[{""text"": ""arm"", ""kind"": ""compound"", ""meaning"": ""手臂；扶手""}, {""text"": ""chair"", ""kind"": ""compound"", ""meaning"": ""椅子""}]",这是现代英语中可以辨认的合成成分。把两个意思连起来理解，再用例句确认完整词义。,0,,https://www.cambridgeenglish.org/images/506886-a2-key-2020-vocabulary-list.pdf
furniture,KET,3,家具,n.,家与日常,This room needs some furniture.,这个房间需要一些家具。,[],结合例句与生活场景整体记忆，不按相同字母强行拆词。,0,,https://www.cambridgeenglish.org/images/506886-a2-key-2020-vocabulary-list.pdf
blanket,KET,2,毯子,n.,家与日常,Take a blanket for the cold night.,带条毯子应对寒冷的夜晚。,[],结合例句与生活场景整体记忆，不按相同字母强行拆词。,0,,https://www.cambridgeenglish.org/images/506886-a2-key-2020-vocabulary-list.pdf
pillow,KET,2,枕头,n.,家与日常,My pillow is soft.,我的枕头很软。,[],结合例句与生活场景整体记忆，不按相同字母强行拆词。,0,,https://www.cambridgeenglish.org/images/506886-a2-key-2020-vocabulary-list.pdf
mirror,KET,1,镜子,n.,家与日常,He looks in the mirror.,他照了照镜子。,[],结合例句与生活场景整体记忆，不按相同字母强行拆词。,0,,https://www.cambridgeenglish.org/images/506886-a2-key-2020-vocabulary-list.pdf
curtain,KET,2,窗帘,n.,家与日常,Open the curtain to see the garden.,拉开窗帘看看花园。,[],结合例句与生活场景整体记忆，不按相同字母强行拆词。,0,,https://www.cambridgeenglish.org/images/506886-a2-key-2020-vocabulary-list.pdf
carpet,KET,2,地毯,n.,家与日常,The dog lies on the carpet.,狗躺在地毯上。,[],结合例句与生活场景整体记忆，不按相同字母强行拆词。,0,,https://www.cambridgeenglish.org/images/506886-a2-key-2020-vocabulary-list.pdf
ceiling,KET,3,天花板,n.,家与日常,There is a lamp on the ceiling.,天花板上有一盏灯。,[],结合例句与生活场景整体记忆，不按相同字母强行拆词。,0,,https://www.cambridgeenglish.org/images/506886-a2-key-2020-vocabulary-list.pdf
roof,KET,2,屋顶,n.,家与日常,A bird sits on the roof.,一只鸟停在屋顶上。,[],结合例句与生活场景整体记忆，不按相同字母强行拆词。,0,,https://www.cambridgeenglish.org/images/506886-a2-key-2020-vocabulary-list.pdf
stairs,KET,2,楼梯,n.,家与日常,Please walk slowly on the stairs.,请在楼梯上慢慢走。,[],结合例句与生活场景整体记忆，不按相同字母强行拆词。,0,,https://www.cambridgeenglish.org/images/506886-a2-key-2020-vocabulary-list.pdf
upstairs,KET,2,在楼上；楼上的,adv.; adj.,家与日常,My brother is upstairs.,我的哥哥在楼上。,"[{""text"": ""up"", ""kind"": ""compound"", ""meaning"": ""向上""}, {""text"": ""stairs"", ""kind"": ""compound"", ""meaning"": ""楼梯""}]",这是现代英语中可以辨认的合成成分。把两个意思连起来理解，再用例句确认完整词义。,0,,https://www.cambridgeenglish.org/images/506886-a2-key-2020-vocabulary-list.pdf
downstairs,KET,2,在楼下；楼下的,adv.; adj.,家与日常,We have breakfast downstairs.,我们在楼下吃早饭。,"[{""text"": ""down"", ""kind"": ""compound"", ""meaning"": ""向下""}, {""text"": ""stairs"", ""kind"": ""compound"", ""meaning"": ""楼梯""}]",这是现代英语中可以辨认的合成成分。把两个意思连起来理解，再用例句确认完整词义。,0,,https://www.cambridgeenglish.org/images/506886-a2-key-2020-vocabulary-list.pdf
entrance,KET,3,入口,n.,家与日常,Meet me at the entrance.,在入口处和我见面。,[],结合例句与生活场景整体记忆，不按相同字母强行拆词。,0,,https://www.cambridgeenglish.org/images/506886-a2-key-2020-vocabulary-list.pdf
key,KET,1,钥匙,n.,家与日常,I keep my key in this pocket.,我把钥匙放在这个口袋里。,[],结合例句与生活场景整体记忆，不按相同字母强行拆词。,0,,https://www.cambridgeenglish.org/images/506886-a2-key-2020-vocabulary-list.pdf
repair,KET,2,修理,v.,家与日常,Can you repair this chair?,你能修理这把椅子吗？,[],结合例句与生活场景整体记忆，不按相同字母强行拆词。,0,,https://www.cambridgeenglish.org/images/506886-a2-key-2020-vocabulary-list.pdf
tidy,KET,1,整洁的；整理,adj.; v.,家与日常,Please tidy your bedroom.,请整理你的卧室。,[],结合例句与生活场景整体记忆，不按相同字母强行拆词。,0,,https://www.cambridgeenglish.org/images/506886-a2-key-2020-vocabulary-list.pdf
wash,KET,1,洗,v.,家与日常,Wash your hands before dinner.,饭前洗手。,[],结合例句与生活场景整体记忆，不按相同字母强行拆词。,0,,https://www.cambridgeenglish.org/images/506886-a2-key-2020-vocabulary-list.pdf
cleaner,KET,2,清洁工；清洁器,n.,家与日常,The cleaner works in our school.,这位清洁工在我们学校工作。,"[{""text"": ""clean"", ""kind"": ""root"", ""meaning"": ""清洁""}, {""text"": ""-er"", ""kind"": ""suffix"", ""meaning"": ""做某事的人或物"", ""story"": ""表示做事者的 -er 有古英语 -ere 等历史来源。它常把动作变成做这个动作的人；比较级里的 -er 是另一种用法。"", ""source"": ""https://www.merriam-webster.com/dictionary/-er""}]",动作词 + -er，表示做这件事的人；printer 在本课指执行打印动作的机器。,0,,https://www.cambridgeenglish.org/images/506886-a2-key-2020-vocabulary-list.pdf
breakfast,KET,1,早餐,n.,食物与烹饪,We have breakfast at seven.,我们七点吃早饭。,[],本课整体记忆。相同字母不等于相同词根；请结合例句回忆实际含义。,0,,https://www.cambridgeenglish.org/images/506886-a2-key-2020-vocabulary-list.pdf
lunch,KET,1,午餐,n.,食物与烹饪,I bring lunch to school.,我带午饭去学校。,[],结合例句与生活场景整体记忆，不按相同字母强行拆词。,0,,https://www.cambridgeenglish.org/images/506886-a2-key-2020-vocabulary-list.pdf
dinner,KET,1,晚餐；正餐,n.,食物与烹饪,Dinner is ready now.,晚饭现在好了。,[],结合例句与生活场景整体记忆，不按相同字母强行拆词。,0,,https://www.cambridgeenglish.org/images/506886-a2-key-2020-vocabulary-list.pdf
sandwich,KET,1,三明治,n.,食物与烹饪,I made a cheese sandwich.,我做了一个奶酪三明治。,[],结合例句与生活场景整体记忆，不按相同字母强行拆词。,0,,https://www.cambridgeenglish.org/images/506886-a2-key-2020-vocabulary-list.pdf
vegetable,KET,3,蔬菜,n.,食物与烹饪,A carrot is my favourite vegetable.,胡萝卜是我最喜欢的蔬菜。,[],结合例句与生活场景整体记忆，不按相同字母强行拆词。,0,,https://www.cambridgeenglish.org/images/506886-a2-key-2020-vocabulary-list.pdf
potato,KET,1,土豆,n.,食物与烹饪,Put one potato in the soup.,在汤里放一个土豆。,[],结合例句与生活场景整体记忆，不按相同字母强行拆词。,0,,https://www.cambridgeenglish.org/images/506886-a2-key-2020-vocabulary-list.pdf
tomato,KET,1,番茄,n.,食物与烹饪,This tomato is bright red.,这个番茄红彤彤的。,[],结合例句与生活场景整体记忆，不按相同字母强行拆词。,0,,https://www.cambridgeenglish.org/images/506886-a2-key-2020-vocabulary-list.pdf
carrot,KET,1,胡萝卜,n.,食物与烹饪,The rabbit eats a carrot.,兔子吃一根胡萝卜。,[],结合例句与生活场景整体记忆，不按相同字母强行拆词。,0,,https://www.cambridgeenglish.org/images/506886-a2-key-2020-vocabulary-list.pdf
onion,KET,2,洋葱,n.,食物与烹饪,Cut the onion into small pieces.,把洋葱切成小块。,[],结合例句与生活场景整体记忆，不按相同字母强行拆词。,0,,https://www.cambridgeenglish.org/images/506886-a2-key-2020-vocabulary-list.pdf
salad,KET,1,沙拉,n.,食物与烹饪,I add an egg to my salad.,我往沙拉里加了一个鸡蛋。,[],结合例句与生活场景整体记忆，不按相同字母强行拆词。,0,,https://www.cambridgeenglish.org/images/506886-a2-key-2020-vocabulary-list.pdf
strawberry,KET,3,草莓,n.,食物与烹饪,There is a strawberry on the cake.,蛋糕上有一颗草莓。,[],本课整体记忆。相同字母不等于相同词根；请结合例句回忆实际含义。,0,,https://www.cambridgeenglish.org/images/506886-a2-key-2020-vocabulary-list.pdf
grape,KET,1,葡萄,n.,食物与烹饪,This grape tastes sweet.,这颗葡萄尝起来很甜。,[],结合例句与生活场景整体记忆，不按相同字母强行拆词。,0,,https://www.cambridgeenglish.org/images/506886-a2-key-2020-vocabulary-list.pdf
lemon,KET,1,柠檬,n.,食物与烹饪,Add some lemon to the water.,在水里加一些柠檬。,[],结合例句与生活场景整体记忆，不按相同字母强行拆词。,0,,https://www.cambridgeenglish.org/images/506886-a2-key-2020-vocabulary-list.pdf
biscuit,KET,1,饼干,n.,食物与烹饪,Would you like a biscuit?,你想吃块饼干吗？,[],结合例句与生活场景整体记忆，不按相同字母强行拆词。,0,cookie,https://www.cambridgeenglish.org/images/506886-a2-key-2020-vocabulary-list.pdf
chocolate,KET,1,巧克力,n.,食物与烹饪,We share a small bar of chocolate.,我们分享一小块巧克力。,[],结合例句与生活场景整体记忆，不按相同字母强行拆词。,0,,https://www.cambridgeenglish.org/images/506886-a2-key-2020-vocabulary-list.pdf
cheese,KET,1,奶酪,n.,食物与烹饪,I put cheese on my bread.,我把奶酪放在面包上。,[],结合例句与生活场景整体记忆，不按相同字母强行拆词。,0,,https://www.cambridgeenglish.org/images/506886-a2-key-2020-vocabulary-list.pdf
yogurt,KET,2,酸奶,n.,食物与烹饪,I eat yogurt with fruit.,我吃水果配酸奶。,[],结合例句与生活场景整体记忆，不按相同字母强行拆词。,0,yoghurt,https://www.cambridgeenglish.org/images/506886-a2-key-2020-vocabulary-list.pdf
honey,KET,1,蜂蜜,n.,食物与烹饪,The honey tastes sweet.,这蜂蜜尝起来很甜。,[],结合例句与生活场景整体记忆，不按相同字母强行拆词。,0,,https://www.cambridgeenglish.org/images/506886-a2-key-2020-vocabulary-list.pdf
butter,KET,1,黄油,n.,食物与烹饪,Spread butter on the warm bread.,在温热的面包上涂黄油。,[],本课整体记忆。相同字母不等于相同词根；请结合例句回忆实际含义。,0,,https://www.cambridgeenglish.org/images/506886-a2-key-2020-vocabulary-list.pdf
pepper,KET,2,胡椒粉；甜椒,n.,食物与烹饪,Add a little pepper to the soup.,在汤里加一点胡椒粉。,[],结合例句与生活场景整体记忆，不按相同字母强行拆词。,0,,https://www.cambridgeenglish.org/images/506886-a2-key-2020-vocabulary-list.pdf
sugar,KET,1,糖,n.,食物与烹饪,This drink has too much sugar.,这杯饮料的糖太多了。,[],结合例句与生活场景整体记忆，不按相同字母强行拆词。,0,,https://www.cambridgeenglish.org/images/506886-a2-key-2020-vocabulary-list.pdf
salt,KET,1,盐,n.,食物与烹饪,The soup needs a little salt.,汤里需要加一点盐。,[],结合例句与生活场景整体记忆，不按相同字母强行拆词。,0,,https://www.cambridgeenglish.org/images/506886-a2-key-2020-vocabulary-list.pdf
delicious,KET,3,美味的,adj.,食物与烹饪,Your soup is delicious.,你的汤很美味。,[],结合例句与生活场景整体记忆，不按相同字母强行拆词。,0,,https://www.cambridgeenglish.org/images/506886-a2-key-2020-vocabulary-list.pdf
fresh,KET,2,新鲜的,adj.,食物与烹饪,We buy fresh bread every morning.,我们每天早晨买新鲜面包。,[],结合例句与生活场景整体记忆，不按相同字母强行拆词。,0,,https://www.cambridgeenglish.org/images/506886-a2-key-2020-vocabulary-list.pdf
menu,KET,2,菜单,n.,食物与烹饪,May I see the menu?,我可以看看菜单吗？,[],结合例句与生活场景整体记忆，不按相同字母强行拆词。,0,,https://www.cambridgeenglish.org/images/506886-a2-key-2020-vocabulary-list.pdf
recipe,KET,3,食谱,n.,食物与烹饪,This recipe is easy to follow.,这个食谱很容易照着做。,[],结合例句与生活场景整体记忆，不按相同字母强行拆词。,0,,https://www.cambridgeenglish.org/images/506886-a2-key-2020-vocabulary-list.pdf
bake,KET,2,烘烤,v.,食物与烹饪,Let's bake a cake for Dad.,我们给爸爸烤个蛋糕吧。,[],结合例句与生活场景整体记忆，不按相同字母强行拆词。,0,,https://www.cambridgeenglish.org/images/506886-a2-key-2020-vocabulary-list.pdf
boil,KET,2,煮沸；水煮,v.,食物与烹饪,Boil the water first.,先把水烧开。,[],结合例句与生活场景整体记忆，不按相同字母强行拆词。,0,,https://www.cambridgeenglish.org/images/506886-a2-key-2020-vocabulary-list.pdf
knife,KET,1,刀,n.,食物与烹饪,Use a knife to cut the bread.,用刀切面包。,[],结合例句与生活场景整体记忆，不按相同字母强行拆词。,0,,https://www.cambridgeenglish.org/images/506886-a2-key-2020-vocabulary-list.pdf
fork,KET,1,叉子,n.,食物与烹饪,I eat the salad with a fork.,我用叉子吃沙拉。,[],结合例句与生活场景整体记忆，不按相同字母强行拆词。,0,,https://www.cambridgeenglish.org/images/506886-a2-key-2020-vocabulary-list.pdf
spoon,KET,1,勺子,n.,食物与烹饪,Take a spoon for your soup.,拿个勺子喝汤。,[],结合例句与生活场景整体记忆，不按相同字母强行拆词。,0,,https://www.cambridgeenglish.org/images/506886-a2-key-2020-vocabulary-list.pdf
plate,KET,1,盘子,n.,食物与烹饪,Put the sandwich on a plate.,把三明治放在盘子上。,[],结合例句与生活场景整体记忆，不按相同字母强行拆词。,0,,https://www.cambridgeenglish.org/images/506886-a2-key-2020-vocabulary-list.pdf
bowl,KET,1,碗,n.,食物与烹饪,The bowl is full of rice.,碗里盛满了米饭。,[],结合例句与生活场景整体记忆，不按相同字母强行拆词。,0,,https://www.cambridgeenglish.org/images/506886-a2-key-2020-vocabulary-list.pdf
airport,KET,2,机场,n.,城市与旅行,We arrive at the airport early.,我们早早到达机场。,"[{""text"": ""air"", ""kind"": ""compound"", ""meaning"": ""空中""}, {""text"": ""port"", ""kind"": ""compound"", ""meaning"": ""港；运输枢纽""}]",这是现代英语中可以辨认的合成成分。把两个意思连起来理解，再用例句确认完整词义。,0,,https://www.cambridgeenglish.org/images/506886-a2-key-2020-vocabulary-list.pdf
railway,KET,3,铁路,n.,城市与旅行,The railway goes through the town.,铁路穿过这座小镇。,"[{""text"": ""rail"", ""kind"": ""compound"", ""meaning"": ""铁轨""}, {""text"": ""way"", ""kind"": ""compound"", ""meaning"": ""路""}]",这是现代英语中可以辨认的合成成分。把两个意思连起来理解，再用例句确认完整词义。,0,,https://www.cambridgeenglish.org/images/506886-a2-key-2020-vocabulary-list.pdf
station,KET,2,车站,n.,城市与旅行,I wait at the station.,我在车站等。,[],结合例句与生活场景整体记忆，不按相同字母强行拆词。,0,,https://www.cambridgeenglish.org/images/506886-a2-key-2020-vocabulary-list.pdf
platform,KET,3,站台,n.,城市与旅行,Our train leaves from this platform.,我们的火车从这个站台出发。,[],结合例句与生活场景整体记忆，不按相同字母强行拆词。,0,,https://www.cambridgeenglish.org/images/506886-a2-key-2020-vocabulary-list.pdf
passenger,KET,3,乘客,n.,城市与旅行,Each passenger needs a ticket.,每位乘客都需要一张票。,[],结合例句与生活场景整体记忆，不按相同字母强行拆词。,0,,https://www.cambridgeenglish.org/images/506886-a2-key-2020-vocabulary-list.pdf
ticket,KET,1,票,n.,城市与旅行,Keep your ticket in your pocket.,把票放在口袋里。,[],结合例句与生活场景整体记忆，不按相同字母强行拆词。,0,,https://www.cambridgeenglish.org/images/506886-a2-key-2020-vocabulary-list.pdf
passport,KET,3,护照,n.,城市与旅行,Check your passport before the trip.,旅行前检查你的护照。,[],结合例句与生活场景整体记忆，不按相同字母强行拆词。,0,,https://www.cambridgeenglish.org/images/506886-a2-key-2020-vocabulary-list.pdf
suitcase,KET,3,手提箱；行李箱,n.,城市与旅行,My suitcase is quite heavy.,我的行李箱很重。,[],结合例句与生活场景整体记忆，不按相同字母强行拆词。,0,,https://www.cambridgeenglish.org/images/506886-a2-key-2020-vocabulary-list.pdf
luggage,KET,3,行李,n.,城市与旅行,Our luggage is on the bus.,我们的行李在公共汽车上。,[],结合例句与生活场景整体记忆，不按相同字母强行拆词。,0,,https://www.cambridgeenglish.org/images/506886-a2-key-2020-vocabulary-list.pdf
journey,KET,3,旅程,n.,城市与旅行,The journey takes two hours.,旅程需要两个小时。,[],结合例句与生活场景整体记忆，不按相同字母强行拆词。,0,,https://www.cambridgeenglish.org/images/506886-a2-key-2020-vocabulary-list.pdf
travel,KET,2,旅行,v.,城市与旅行,We travel by train.,我们坐火车旅行。,[],结合例句与生活场景整体记忆，不按相同字母强行拆词。,0,,https://www.cambridgeenglish.org/images/506886-a2-key-2020-vocabulary-list.pdf
holiday,KET,1,假期,n.,城市与旅行,We spend our holiday by the sea.,我们在海边度假。,[],结合例句与生活场景整体记忆，不按相同字母强行拆词。,0,,https://www.cambridgeenglish.org/images/506886-a2-key-2020-vocabulary-list.pdf
hotel,KET,1,酒店,n.,城市与旅行,Our hotel is near the beach.,我们的酒店在海滩附近。,[],结合例句与生活场景整体记忆，不按相同字母强行拆词。,0,,https://www.cambridgeenglish.org/images/506886-a2-key-2020-vocabulary-list.pdf
restaurant,KET,1,餐馆,n.,城市与旅行,This restaurant serves great noodles.,这家餐馆的面条很好吃。,[],结合例句与生活场景整体记忆，不按相同字母强行拆词。,0,,https://www.cambridgeenglish.org/images/506886-a2-key-2020-vocabulary-list.pdf
museum,KET,2,博物馆,n.,城市与旅行,We see old toys in the museum.,我们在博物馆看到了旧玩具。,[],结合例句与生活场景整体记忆，不按相同字母强行拆词。,0,,https://www.cambridgeenglish.org/images/506886-a2-key-2020-vocabulary-list.pdf
theatre,KET,2,剧院,n.,城市与旅行,The theatre is next to the park.,剧院在公园旁边。,[],结合例句与生活场景整体记忆，不按相同字母强行拆词。,0,theater,https://www.cambridgeenglish.org/images/506886-a2-key-2020-vocabulary-list.pdf
cinema,KET,1,电影院,n.,城市与旅行,We meet outside the cinema.,我们在电影院外见面。,[],结合例句与生活场景整体记忆，不按相同字母强行拆词。,0,,https://www.cambridgeenglish.org/images/506886-a2-key-2020-vocabulary-list.pdf
supermarket,KET,1,超市,n.,城市与旅行,Mum buys milk at the supermarket.,妈妈在超市买牛奶。,[],结合例句与生活场景整体记忆，不按相同字母强行拆词。,0,,https://www.cambridgeenglish.org/images/506886-a2-key-2020-vocabulary-list.pdf
bookshop,KET,2,书店,n.,城市与旅行,The bookshop sells story books.,这家书店卖故事书。,"[{""text"": ""book"", ""kind"": ""compound"", ""meaning"": ""书""}, {""text"": ""shop"", ""kind"": ""compound"", ""meaning"": ""商店""}]",这是现代英语中可以辨认的合成成分。把两个意思连起来理解，再用例句确认完整词义。,0,bookstore,https://www.cambridgeenglish.org/images/506886-a2-key-2020-vocabulary-list.pdf
postcard,KET,2,明信片,n.,城市与旅行,Send me a postcard from your trip.,旅行时给我寄张明信片。,"[{""text"": ""post"", ""kind"": ""compound"", ""meaning"": ""邮寄""}, {""text"": ""card"", ""kind"": ""compound"", ""meaning"": ""卡片""}]",这是现代英语中可以辨认的合成成分。把两个意思连起来理解，再用例句确认完整词义。,0,,https://www.cambridgeenglish.org/images/506886-a2-key-2020-vocabulary-list.pdf
post office,KET,2,邮局,n.,城市与旅行,The post office opens at nine.,邮局九点开门。,"[{""text"": ""post"", ""kind"": ""compound"", ""meaning"": ""邮政""}, {""text"": ""office"", ""kind"": ""compound"", ""meaning"": ""办公处""}]",这是现代英语中可以辨认的合成成分。把两个意思连起来理解，再用例句确认完整词义。,0,,https://www.cambridgeenglish.org/images/506886-a2-key-2020-vocabulary-list.pdf
traffic,KET,3,交通；车辆,n.,城市与旅行,There is a lot of traffic today.,今天路上车很多。,[],结合例句与生活场景整体记忆，不按相同字母强行拆词。,0,,https://www.cambridgeenglish.org/images/506886-a2-key-2020-vocabulary-list.pdf
roundabout,KET,3,环岛,n.,城市与旅行,Turn left at the roundabout.,在环岛向左转。,[],结合例句与生活场景整体记忆，不按相同字母强行拆词。,0,,https://www.cambridgeenglish.org/images/506886-a2-key-2020-vocabulary-list.pdf
bridge,KET,1,桥,n.,城市与旅行,We walk across the bridge.,我们走过这座桥。,[],结合例句与生活场景整体记忆，不按相同字母强行拆词。,0,,https://www.cambridgeenglish.org/images/506886-a2-key-2020-vocabulary-list.pdf
castle,KET,2,城堡,n.,城市与旅行,The castle stands on a hill.,城堡坐落在小山上。,[],结合例句与生活场景整体记忆，不按相同字母强行拆词。,0,,https://www.cambridgeenglish.org/images/506886-a2-key-2020-vocabulary-list.pdf
village,KET,1,村庄,n.,城市与旅行,My cousin lives in a small village.,我的表哥住在一个小村庄。,[],结合例句与生活场景整体记忆，不按相同字母强行拆词。,0,,https://www.cambridgeenglish.org/images/506886-a2-key-2020-vocabulary-list.pdf
capital,KET,3,首都,n.,城市与旅行,Beijing is the capital of China.,北京是中国的首都。,[],结合例句与生活场景整体记忆，不按相同字母强行拆词。,0,,https://www.cambridgeenglish.org/images/506886-a2-key-2020-vocabulary-list.pdf
square,KET,2,广场,n.,城市与旅行,There is a market in the square.,广场上有一个集市。,[],结合例句与生活场景整体记忆，不按相同字母强行拆词。,0,,https://www.cambridgeenglish.org/images/506886-a2-key-2020-vocabulary-list.pdf
corner,KET,2,角；拐角,n.,城市与旅行,The shop is on the corner.,商店在拐角处。,[],结合例句与生活场景整体记忆，不按相同字母强行拆词。,0,,https://www.cambridgeenglish.org/images/506886-a2-key-2020-vocabulary-list.pdf
opposite,KET,3,在对面；对面的,prep.; adj.,城市与旅行,The bank is opposite the school.,银行在学校对面。,[],结合例句与生活场景整体记忆，不按相同字母强行拆词。,0,,https://www.cambridgeenglish.org/images/506886-a2-key-2020-vocabulary-list.pdf
straight,KET,2,直地；直的,adv.; adj.,城市与旅行,Walk straight to the end of the road.,沿着路一直走到尽头。,[],结合例句与生活场景整体记忆，不按相同字母强行拆词。,0,,https://www.cambridgeenglish.org/images/506886-a2-key-2020-vocabulary-list.pdf
arrive,KET,1,到达,v.,城市与旅行,We arrive before sunset.,我们在日落前到达。,[],结合例句与生活场景整体记忆，不按相同字母强行拆词。,0,,https://www.cambridgeenglish.org/images/506886-a2-key-2020-vocabulary-list.pdf
leave,KET,1,离开,v.,城市与旅行,We leave home at eight.,我们八点离开家。,[],结合例句与生活场景整体记忆，不按相同字母强行拆词。,0,,https://www.cambridgeenglish.org/images/506886-a2-key-2020-vocabulary-list.pdf
return,KET,1,返回；归还,v.,城市与旅行,Please return the book tomorrow.,请明天归还这本书。,[],结合例句与生活场景整体记忆，不按相同字母强行拆词。,0,,https://www.cambridgeenglish.org/images/506886-a2-key-2020-vocabulary-list.pdf
weather,KET,2,天气,n.,自然与天气,The weather changes quickly here.,这里的天气变化很快。,[],结合例句与生活场景整体记忆，不按相同字母强行拆词。,0,,https://www.cambridgeenglish.org/images/506886-a2-key-2020-vocabulary-list.pdf
sunny,KET,1,晴朗的,adj.,自然与天气,It is sunny this morning.,今天早晨天气晴朗。,"[{""text"": ""sun"", ""kind"": ""root"", ""meaning"": ""太阳""}, {""text"": ""-y"", ""kind"": ""suffix"", ""meaning"": ""有……特征的""}]",sunny、foggy 双写末尾辅音；noisy 去掉 noise 的 e。只留意本词适用的变化。,0,,https://www.cambridgeenglish.org/images/506886-a2-key-2020-vocabulary-list.pdf
cloudy,KET,1,多云的,adj.,自然与天气,It is cloudy but warm.,天气多云但温暖。,"[{""text"": ""cloud"", ""kind"": ""root"", ""meaning"": ""云""}, {""text"": ""-y"", ""kind"": ""suffix"", ""meaning"": ""有……特征的""}]",sunny、foggy 双写末尾辅音；noisy 去掉 noise 的 e。只留意本词适用的变化。,0,,https://www.cambridgeenglish.org/images/506886-a2-key-2020-vocabulary-list.pdf
windy,KET,1,多风的,adj.,自然与天气,It is too windy for a picnic.,风太大不适合野餐。,"[{""text"": ""wind"", ""kind"": ""root"", ""meaning"": ""风""}, {""text"": ""-y"", ""kind"": ""suffix"", ""meaning"": ""有……特征的""}]",sunny、foggy 双写末尾辅音；noisy 去掉 noise 的 e。只留意本词适用的变化。,0,,https://www.cambridgeenglish.org/images/506886-a2-key-2020-vocabulary-list.pdf
foggy,KET,1,有雾的,adj.,自然与天气,Drive slowly on a foggy morning.,有雾的早晨开车要慢。,"[{""text"": ""fog"", ""kind"": ""root"", ""meaning"": ""雾""}, {""text"": ""-y"", ""kind"": ""suffix"", ""meaning"": ""有……特征的""}]",sunny、foggy 双写末尾辅音；noisy 去掉 noise 的 e。只留意本词适用的变化。,0,,https://www.cambridgeenglish.org/images/506886-a2-key-2020-vocabulary-list.pdf
storm,KET,2,暴风雨,n.,自然与天气,We stay inside during the storm.,暴风雨时我们待在室内。,[],结合例句与生活场景整体记忆，不按相同字母强行拆词。,0,,https://www.cambridgeenglish.org/images/506886-a2-key-2020-vocabulary-list.pdf
thunderstorm,KET,3,雷暴,n.,自然与天气,A thunderstorm wakes me up.,雷暴把我吵醒了。,"[{""text"": ""thunder"", ""kind"": ""compound"", ""meaning"": ""雷""}, {""text"": ""storm"", ""kind"": ""compound"", ""meaning"": ""暴风雨""}]",这是现代英语中可以辨认的合成成分。把两个意思连起来理解，再用例句确认完整词义。,0,,https://www.cambridgeenglish.org/images/506886-a2-key-2020-vocabulary-list.pdf
raincoat,KET,1,雨衣,n.,自然与天气,Take your raincoat to school.,把雨衣带去学校。,"[{""text"": ""rain"", ""kind"": ""compound"", ""meaning"": ""雨""}, {""text"": ""coat"", ""kind"": ""compound"", ""meaning"": ""外套""}]",这是现代英语中可以辨认的合成成分。把两个意思连起来理解，再用例句确认完整词义。,0,,https://www.cambridgeenglish.org/images/506886-a2-key-2020-vocabulary-list.pdf
forest,KET,1,森林,n.,自然与天气,A river runs through the forest.,一条河流穿过森林。,[],结合例句与生活场景整体记忆，不按相同字母强行拆词。,0,,https://www.cambridgeenglish.org/images/506886-a2-key-2020-vocabulary-list.pdf
mountain,KET,1,山,n.,自然与天气,The mountain is covered in snow.,这座山覆盖着白雪。,[],结合例句与生活场景整体记忆，不按相同字母强行拆词。,0,,https://www.cambridgeenglish.org/images/506886-a2-key-2020-vocabulary-list.pdf
island,KET,1,岛屿,n.,自然与天气,They visit an island by boat.,他们乘船游览一座岛屿。,[],结合例句与生活场景整体记忆，不按相同字母强行拆词。,0,,https://www.cambridgeenglish.org/images/506886-a2-key-2020-vocabulary-list.pdf
lake,KET,1,湖,n.,自然与天气,We have a picnic beside the lake.,我们在湖边野餐。,[],结合例句与生活场景整体记忆，不按相同字母强行拆词。,0,,https://www.cambridgeenglish.org/images/506886-a2-key-2020-vocabulary-list.pdf
river,KET,1,河流,n.,自然与天气,The river is wide here.,这里的河面很宽。,[],结合例句与生活场景整体记忆，不按相同字母强行拆词。,0,,https://www.cambridgeenglish.org/images/506886-a2-key-2020-vocabulary-list.pdf
beach,KET,1,海滩,n.,自然与天气,The children play on the beach.,孩子们在海滩上玩。,[],结合例句与生活场景整体记忆，不按相同字母强行拆词。,0,,https://www.cambridgeenglish.org/images/506886-a2-key-2020-vocabulary-list.pdf
field,KET,2,田野；场地,n.,自然与天气,There are sheep in the field.,田野里有羊。,[],结合例句与生活场景整体记忆，不按相同字母强行拆词。,0,,https://www.cambridgeenglish.org/images/506886-a2-key-2020-vocabulary-list.pdf
countryside,KET,3,乡村,n.,自然与天气,We cycle through the countryside.,我们骑车穿过乡村。,[],结合例句与生活场景整体记忆，不按相同字母强行拆词。,0,,https://www.cambridgeenglish.org/images/506886-a2-key-2020-vocabulary-list.pdf
environment,KET,3,环境,n.,自然与天气,We can help the environment.,我们可以帮助保护环境。,[],结合例句与生活场景整体记忆，不按相同字母强行拆词。,0,,https://www.cambridgeenglish.org/images/506886-a2-key-2020-vocabulary-list.pdf
plant,KET,2,植物；种植,n.; v.,自然与天气,Let's plant a tree today.,我们今天种一棵树吧。,[],结合例句与生活场景整体记忆，不按相同字母强行拆词。,0,,https://www.cambridgeenglish.org/images/506886-a2-key-2020-vocabulary-list.pdf
flower,KET,1,花,n.,自然与天气,This flower smells lovely.,这朵花闻起来很香。,[],本课整体记忆。相同字母不等于相同词根；请结合例句回忆实际含义。,0,,https://www.cambridgeenglish.org/images/506886-a2-key-2020-vocabulary-list.pdf
grass,KET,1,草,n.,自然与天气,The grass is wet this morning.,今天早晨草是湿的。,[],结合例句与生活场景整体记忆，不按相同字母强行拆词。,0,,https://www.cambridgeenglish.org/images/506886-a2-key-2020-vocabulary-list.pdf
spring,KET,1,春天,n.,自然与天气,The garden is colourful in spring.,花园在春天色彩缤纷。,[],结合例句与生活场景整体记忆，不按相同字母强行拆词。,0,,https://www.cambridgeenglish.org/images/506886-a2-key-2020-vocabulary-list.pdf
summer,KET,1,夏天,n.,自然与天气,We swim in summer.,我们夏天游泳。,[],本课整体记忆。相同字母不等于相同词根；请结合例句回忆实际含义。,0,,https://www.cambridgeenglish.org/images/506886-a2-key-2020-vocabulary-list.pdf
autumn,KET,1,秋天,n.,自然与天气,The leaves turn yellow in autumn.,树叶在秋天变黄。,[],结合例句与生活场景整体记忆，不按相同字母强行拆词。,0,fall,https://www.cambridgeenglish.org/images/506886-a2-key-2020-vocabulary-list.pdf
winter,KET,1,冬天,n.,自然与天气,We wear warm coats in winter.,我们冬天穿暖和的外套。,[],结合例句与生活场景整体记忆，不按相同字母强行拆词。,0,,https://www.cambridgeenglish.org/images/506886-a2-key-2020-vocabulary-list.pdf
temperature,KET,3,温度,n.,自然与天气,The temperature drops at night.,夜晚温度下降。,[],结合例句与生活场景整体记忆，不按相同字母强行拆词。,0,,https://www.cambridgeenglish.org/images/506886-a2-key-2020-vocabulary-list.pdf
animal,KET,1,动物,n.,动物世界,What animal would you like to see?,你想看什么动物？,[],结合例句与生活场景整体记忆，不按相同字母强行拆词。,0,,https://www.cambridgeenglish.org/images/506886-a2-key-2020-vocabulary-list.pdf
elephant,KET,1,大象,n.,动物世界,The elephant has large ears.,大象有大耳朵。,[],结合例句与生活场景整体记忆，不按相同字母强行拆词。,0,,https://www.cambridgeenglish.org/images/506886-a2-key-2020-vocabulary-list.pdf
giraffe,KET,1,长颈鹿,n.,动物世界,The giraffe eats leaves.,长颈鹿吃树叶。,[],结合例句与生活场景整体记忆，不按相同字母强行拆词。,0,,https://www.cambridgeenglish.org/images/506886-a2-key-2020-vocabulary-list.pdf
dolphin,KET,1,海豚,n.,动物世界,A dolphin swims beside the boat.,一只海豚在船旁游泳。,[],结合例句与生活场景整体记忆，不按相同字母强行拆词。,0,,https://www.cambridgeenglish.org/images/506886-a2-key-2020-vocabulary-list.pdf
whale,KET,1,鲸,n.,动物世界,We see a whale in the sea.,我们在海里看见一条鲸。,[],结合例句与生活场景整体记忆，不按相同字母强行拆词。,0,,https://www.cambridgeenglish.org/images/506886-a2-key-2020-vocabulary-list.pdf
penguin,KET,1,企鹅,n.,动物世界,The penguin jumps into the water.,企鹅跳进水里。,[],结合例句与生活场景整体记忆，不按相同字母强行拆词。,0,,https://www.cambridgeenglish.org/images/506886-a2-key-2020-vocabulary-list.pdf
rabbit,KET,1,兔子,n.,动物世界,Our rabbit has long ears.,我们的兔子有长耳朵。,[],结合例句与生活场景整体记忆，不按相同字母强行拆词。,0,,https://www.cambridgeenglish.org/images/506886-a2-key-2020-vocabulary-list.pdf
parrot,KET,1,鹦鹉,n.,动物世界,The parrot can say my name.,这只鹦鹉会说我的名字。,[],结合例句与生活场景整体记忆，不按相同字母强行拆词。,0,,https://www.cambridgeenglish.org/images/506886-a2-key-2020-vocabulary-list.pdf
butterfly,KET,1,蝴蝶,n.,动物世界,A butterfly lands on a flower.,一只蝴蝶落在花上。,[],本课整体记忆。相同字母不等于相同词根；请结合例句回忆实际含义。,0,,https://www.cambridgeenglish.org/images/506886-a2-key-2020-vocabulary-list.pdf
insect,KET,2,昆虫,n.,动物世界,This insect has six legs.,这只昆虫有六条腿。,[],结合例句与生活场景整体记忆，不按相同字母强行拆词。,0,,https://www.cambridgeenglish.org/images/506886-a2-key-2020-vocabulary-list.pdf
spider,KET,1,蜘蛛,n.,动物世界,A spider is behind the chair.,一只蜘蛛在椅子后面。,[],结合例句与生活场景整体记忆，不按相同字母强行拆词。,0,,https://www.cambridgeenglish.org/images/506886-a2-key-2020-vocabulary-list.pdf
snake,KET,1,蛇,n.,动物世界,The snake moves through the grass.,蛇在草丛里移动。,[],结合例句与生活场景整体记忆，不按相同字母强行拆词。,0,,https://www.cambridgeenglish.org/images/506886-a2-key-2020-vocabulary-list.pdf
tiger,KET,1,老虎,n.,动物世界,The tiger has orange and black stripes.,老虎有橙黑相间的条纹。,[],结合例句与生活场景整体记忆，不按相同字母强行拆词。,0,,https://www.cambridgeenglish.org/images/506886-a2-key-2020-vocabulary-list.pdf
lion,KET,1,狮子,n.,动物世界,The lion is resting under a tree.,狮子在树下休息。,[],结合例句与生活场景整体记忆，不按相同字母强行拆词。,0,,https://www.cambridgeenglish.org/images/506886-a2-key-2020-vocabulary-list.pdf
monkey,KET,1,猴子,n.,动物世界,The monkey climbs a tree.,猴子爬上了一棵树。,[],结合例句与生活场景整体记忆，不按相同字母强行拆词。,0,,https://www.cambridgeenglish.org/images/506886-a2-key-2020-vocabulary-list.pdf
mouse,KET,1,老鼠,n.,动物世界,A mouse runs behind the box.,一只老鼠跑到箱子后面。,[],结合例句与生活场景整体记忆，不按相同字母强行拆词。,0,,https://www.cambridgeenglish.org/images/506886-a2-key-2020-vocabulary-list.pdf
sheep,KET,1,绵羊,n.,动物世界,A sheep stands near the gate.,一只绵羊站在门边。,[],结合例句与生活场景整体记忆，不按相同字母强行拆词。,0,,https://www.cambridgeenglish.org/images/506886-a2-key-2020-vocabulary-list.pdf
horse,KET,1,马,n.,动物世界,The horse runs across the field.,马跑过田野。,[],结合例句与生活场景整体记忆，不按相同字母强行拆词。,0,,https://www.cambridgeenglish.org/images/506886-a2-key-2020-vocabulary-list.pdf
football,KET,1,足球,n.,运动与兴趣,We play football after school.,我们放学后踢足球。,"[{""text"": ""foot"", ""kind"": ""compound"", ""meaning"": ""脚""}, {""text"": ""ball"", ""kind"": ""compound"", ""meaning"": ""球""}]",这是现代英语中可以辨认的合成成分。把两个意思连起来理解，再用例句确认完整词义。,0,soccer,https://www.cambridgeenglish.org/images/506886-a2-key-2020-vocabulary-list.pdf
basketball,KET,1,篮球,n.,运动与兴趣,My sister enjoys basketball.,我的姐姐喜欢篮球。,"[{""text"": ""basket"", ""kind"": ""compound"", ""meaning"": ""篮""}, {""text"": ""ball"", ""kind"": ""compound"", ""meaning"": ""球""}]",这是现代英语中可以辨认的合成成分。把两个意思连起来理解，再用例句确认完整词义。,0,,https://www.cambridgeenglish.org/images/506886-a2-key-2020-vocabulary-list.pdf
volleyball,KET,1,排球,n.,运动与兴趣,We play volleyball on the beach.,我们在海滩上打排球。,"[{""text"": ""volley"", ""kind"": ""compound"", ""meaning"": ""空中击球""}, {""text"": ""ball"", ""kind"": ""compound"", ""meaning"": ""球""}]",这是现代英语中可以辨认的合成成分。把两个意思连起来理解，再用例句确认完整词义。,0,,https://www.cambridgeenglish.org/images/506886-a2-key-2020-vocabulary-list.pdf
badminton,KET,1,羽毛球,n.,运动与兴趣,He plays badminton with his dad.,他和爸爸打羽毛球。,[],结合例句与生活场景整体记忆，不按相同字母强行拆词。,0,,https://www.cambridgeenglish.org/images/506886-a2-key-2020-vocabulary-list.pdf
tennis,KET,1,网球,n.,运动与兴趣,I have a tennis lesson today.,我今天有一节网球课。,[],结合例句与生活场景整体记忆，不按相同字母强行拆词。,0,,https://www.cambridgeenglish.org/images/506886-a2-key-2020-vocabulary-list.pdf
skateboard,KET,3,滑板,n.,运动与兴趣,Always wear a helmet on a skateboard.,玩滑板时一定要戴头盔。,"[{""text"": ""skate"", ""kind"": ""compound"", ""meaning"": ""滑行""}, {""text"": ""board"", ""kind"": ""compound"", ""meaning"": ""板""}]",这是现代英语中可以辨认的合成成分。把两个意思连起来理解，再用例句确认完整词义。,0,,https://www.cambridgeenglish.org/images/506886-a2-key-2020-vocabulary-list.pdf
surfboard,KET,3,冲浪板,n.,运动与兴趣,She carries her surfboard to the beach.,她把冲浪板带到海滩。,"[{""text"": ""surf"", ""kind"": ""compound"", ""meaning"": ""冲浪""}, {""text"": ""board"", ""kind"": ""compound"", ""meaning"": ""板""}]",这是现代英语中可以辨认的合成成分。把两个意思连起来理解，再用例句确认完整词义。,0,,https://www.cambridgeenglish.org/images/506886-a2-key-2020-vocabulary-list.pdf
swimming,KET,1,游泳,n.,运动与兴趣,Swimming is fun in summer.,夏天游泳很有趣。,"[{""text"": ""swim"", ""kind"": ""root"", ""meaning"": ""游泳""}, {""text"": ""-ing"", ""kind"": ""suffix"", ""meaning"": ""把动作当作活动或事物来表达""}]",本课选用名词用法。swimming 双写 m；cycling 去掉 cycle 末尾的 e。,0,,https://www.cambridgeenglish.org/images/506886-a2-key-2020-vocabulary-list.pdf
cycling,KET,2,骑自行车运动,n.,运动与兴趣,We go cycling in the park.,我们去公园骑自行车。,"[{""text"": ""cycle"", ""kind"": ""root"", ""meaning"": ""骑车""}, {""text"": ""-ing"", ""kind"": ""suffix"", ""meaning"": ""把动作当作活动或事物来表达""}]",本课选用名词用法。swimming 双写 m；cycling 去掉 cycle 末尾的 e。,0,,https://www.cambridgeenglish.org/images/506886-a2-key-2020-vocabulary-list.pdf
fishing,KET,1,钓鱼,n.,运动与兴趣,Grandpa takes me fishing.,爷爷带我去钓鱼。,"[{""text"": ""fish"", ""kind"": ""root"", ""meaning"": ""钓鱼""}, {""text"": ""-ing"", ""kind"": ""suffix"", ""meaning"": ""把动作当作活动或事物来表达""}]",本课选用名词用法。swimming 双写 m；cycling 去掉 cycle 末尾的 e。,0,,https://www.cambridgeenglish.org/images/506886-a2-key-2020-vocabulary-list.pdf
camping,KET,2,露营,n.,运动与兴趣,Our family goes camping in June.,我们一家六月去露营。,"[{""text"": ""camp"", ""kind"": ""root"", ""meaning"": ""露营""}, {""text"": ""-ing"", ""kind"": ""suffix"", ""meaning"": ""把动作当作活动或事物来表达""}]",本课选用名词用法。swimming 双写 m；cycling 去掉 cycle 末尾的 e。,0,,https://www.cambridgeenglish.org/images/506886-a2-key-2020-vocabulary-list.pdf
climbing,KET,2,攀登；攀岩,n.,运动与兴趣,Climbing is my new hobby.,攀岩是我的新爱好。,"[{""text"": ""climb"", ""kind"": ""root"", ""meaning"": ""攀登""}, {""text"": ""-ing"", ""kind"": ""suffix"", ""meaning"": ""把动作当作活动或事物来表达""}]",本课选用名词用法。swimming 双写 m；cycling 去掉 cycle 末尾的 e。,0,,https://www.cambridgeenglish.org/images/506886-a2-key-2020-vocabulary-list.pdf
painting,KET,1,绘画；画作,n.,运动与兴趣,This painting shows a garden.,这幅画画的是花园。,"[{""text"": ""paint"", ""kind"": ""root"", ""meaning"": ""绘画""}, {""text"": ""-ing"", ""kind"": ""suffix"", ""meaning"": ""把动作当作活动或事物来表达""}]",本课选用名词用法。swimming 双写 m；cycling 去掉 cycle 末尾的 e。,0,,https://www.cambridgeenglish.org/images/506886-a2-key-2020-vocabulary-list.pdf
drawing,KET,1,绘画；图画,n.,运动与兴趣,I make a drawing of my dog.,我画了一张我的狗的画像。,"[{""text"": ""draw"", ""kind"": ""root"", ""meaning"": ""画""}, {""text"": ""-ing"", ""kind"": ""suffix"", ""meaning"": ""把动作当作活动或事物来表达""}]",本课选用名词用法。swimming 双写 m；cycling 去掉 cycle 末尾的 e。,0,,https://www.cambridgeenglish.org/images/506886-a2-key-2020-vocabulary-list.pdf
reading,KET,1,阅读,n.,运动与兴趣,Reading helps me relax.,阅读帮助我放松。,"[{""text"": ""read"", ""kind"": ""root"", ""meaning"": ""阅读""}, {""text"": ""-ing"", ""kind"": ""suffix"", ""meaning"": ""把动作当作活动或事物来表达""}]",本课选用名词用法。swimming 双写 m；cycling 去掉 cycle 末尾的 e。,0,,https://www.cambridgeenglish.org/images/506886-a2-key-2020-vocabulary-list.pdf
sing,KET,1,唱歌,v.,运动与兴趣,Let's sing the song again.,我们再唱一遍这首歌吧。,"[{""text"": ""sing"", ""kind"": ""root"", ""meaning"": ""唱""}]",结合例句与生活场景整体记忆，不按相同字母强行拆词。,0,,https://www.cambridgeenglish.org/images/506886-a2-key-2020-vocabulary-list.pdf
dance,KET,1,跳舞；舞蹈,v.; n.,运动与兴趣,Can you dance to this music?,你能跟着这段音乐跳舞吗？,[],结合例句与生活场景整体记忆，不按相同字母强行拆词。,0,,https://www.cambridgeenglish.org/images/506886-a2-key-2020-vocabulary-list.pdf
guitar,KET,1,吉他,n.,运动与兴趣,My brother plays the guitar.,我的哥哥弹吉他。,[],结合例句与生活场景整体记忆，不按相同字母强行拆词。,0,,https://www.cambridgeenglish.org/images/506886-a2-key-2020-vocabulary-list.pdf
piano,KET,1,钢琴,n.,运动与兴趣,There is a piano in our classroom.,我们的教室里有一架钢琴。,[],结合例句与生活场景整体记忆，不按相同字母强行拆词。,0,,https://www.cambridgeenglish.org/images/506886-a2-key-2020-vocabulary-list.pdf
violin,KET,3,小提琴,n.,运动与兴趣,She practises the violin every day.,她每天练习小提琴。,[],结合例句与生活场景整体记忆，不按相同字母强行拆词。,0,,https://www.cambridgeenglish.org/images/506886-a2-key-2020-vocabulary-list.pdf
concert,KET,3,音乐会,n.,运动与兴趣,We go to a concert on Saturday.,我们星期六去听音乐会。,[],结合例句与生活场景整体记忆，不按相同字母强行拆词。,0,,https://www.cambridgeenglish.org/images/506886-a2-key-2020-vocabulary-list.pdf
festival,KET,3,节日；庆典,n.,运动与兴趣,The town has a music festival.,镇上有一个音乐节。,[],结合例句与生活场景整体记忆，不按相同字母强行拆词。,0,,https://www.cambridgeenglish.org/images/506886-a2-key-2020-vocabulary-list.pdf
competition,KET,3,比赛,n.,运动与兴趣,Our school has a drawing competition.,我们学校举办绘画比赛。,[],结合例句与生活场景整体记忆，不按相同字母强行拆词。,0,,https://www.cambridgeenglish.org/images/506886-a2-key-2020-vocabulary-list.pdf
winner,KET,2,获胜者,n.,运动与兴趣,The winner gets a book.,获胜者得到一本书。,"[{""text"": ""win"", ""kind"": ""root"", ""meaning"": ""赢""}, {""text"": ""-er"", ""kind"": ""suffix"", ""meaning"": ""做某事的人或物"", ""story"": ""表示做事者的 -er 有古英语 -ere 等历史来源。它常把动作变成做这个动作的人；比较级里的 -er 是另一种用法。"", ""source"": ""https://www.merriam-webster.com/dictionary/-er""}]",注意拼写：末尾辅音字母双写后再接 -er。,0,,https://www.cambridgeenglish.org/images/506886-a2-key-2020-vocabulary-list.pdf
prize,KET,2,奖品,n.,运动与兴趣,I won a prize for my story.,我写的故事获奖了。,[],结合例句与生活场景整体记忆，不按相同字母强行拆词。,0,,https://www.cambridgeenglish.org/images/506886-a2-key-2020-vocabulary-list.pdf
team,KET,1,队；团队,n.,运动与兴趣,Our team wears blue shirts.,我们队穿蓝色衬衫。,[],结合例句与生活场景整体记忆，不按相同字母强行拆词。,0,,https://www.cambridgeenglish.org/images/506886-a2-key-2020-vocabulary-list.pdf
match,KET,1,比赛,n.,运动与兴趣,The match starts at three.,比赛三点开始。,[],结合例句与生活场景整体记忆，不按相同字母强行拆词。,0,,https://www.cambridgeenglish.org/images/506886-a2-key-2020-vocabulary-list.pdf
hobby,KET,1,爱好,n.,运动与兴趣,Tell me about your favourite hobby.,和我说说你最喜欢的爱好。,[],结合例句与生活场景整体记忆，不按相同字母强行拆词。,0,,https://www.cambridgeenglish.org/images/506886-a2-key-2020-vocabulary-list.pdf
collect,KET,2,收集,v.,运动与兴趣,I collect postcards.,我收集明信片。,[],结合例句与生活场景整体记忆，不按相同字母强行拆词。,0,,https://www.cambridgeenglish.org/images/506886-a2-key-2020-vocabulary-list.pdf
headache,KET,2,头痛,n.,身体与健康,I have a headache today.,我今天头痛。,"[{""text"": ""head"", ""kind"": ""compound"", ""meaning"": ""头""}, {""text"": ""ache"", ""kind"": ""compound"", ""meaning"": ""疼痛""}]",这是现代英语中可以辨认的合成成分。把两个意思连起来理解，再用例句确认完整词义。,0,,https://www.cambridgeenglish.org/images/506886-a2-key-2020-vocabulary-list.pdf
toothache,KET,2,牙痛,n.,身体与健康,He cannot eat because of a toothache.,他因为牙痛吃不下东西。,"[{""text"": ""tooth"", ""kind"": ""compound"", ""meaning"": ""牙""}, {""text"": ""ache"", ""kind"": ""compound"", ""meaning"": ""疼痛""}]",这是现代英语中可以辨认的合成成分。把两个意思连起来理解，再用例句确认完整词义。,0,,https://www.cambridgeenglish.org/images/506886-a2-key-2020-vocabulary-list.pdf
stomach,KET,2,胃；腹部,n.,身体与健康,My stomach hurts.,我的肚子疼。,[],结合例句与生活场景整体记忆，不按相同字母强行拆词。,0,,https://www.cambridgeenglish.org/images/506886-a2-key-2020-vocabulary-list.pdf
finger,KET,1,手指,n.,身体与健康,She points with one finger.,她用一根手指指着。,[],本课整体记忆。相同字母不等于相同词根；请结合例句回忆实际含义。,0,,https://www.cambridgeenglish.org/images/506886-a2-key-2020-vocabulary-list.pdf
neck,KET,1,脖子,n.,身体与健康,Wear a scarf around your neck.,在脖子上围一条围巾。,[],结合例句与生活场景整体记忆，不按相同字母强行拆词。,0,,https://www.cambridgeenglish.org/images/506886-a2-key-2020-vocabulary-list.pdf
healthy,KET,1,健康的,adj.,身体与健康,Sleep helps us stay healthy.,睡眠帮助我们保持健康。,"[{""text"": ""health"", ""kind"": ""root"", ""meaning"": ""健康""}, {""text"": ""-y"", ""kind"": ""suffix"", ""meaning"": ""有……特征的""}]",sunny、foggy 双写末尾辅音；noisy 去掉 noise 的 e。只留意本词适用的变化。,0,,https://www.cambridgeenglish.org/images/506886-a2-key-2020-vocabulary-list.pdf
ill,KET,1,生病的,adj.,身体与健康,My friend is ill today.,我的朋友今天生病了。,[],结合例句与生活场景整体记忆，不按相同字母强行拆词。,0,,https://www.cambridgeenglish.org/images/506886-a2-key-2020-vocabulary-list.pdf
medicine,KET,3,药,n.,身体与健康,Keep the medicine in a safe place.,把药放在安全的地方。,[],结合例句与生活场景整体记忆，不按相同字母强行拆词。,0,,https://www.cambridgeenglish.org/images/506886-a2-key-2020-vocabulary-list.pdf
hospital,KET,1,医院,n.,身体与健康,My aunt works in a hospital.,我的姑姑在医院工作。,[],结合例句与生活场景整体记忆，不按相同字母强行拆词。,0,,https://www.cambridgeenglish.org/images/506886-a2-key-2020-vocabulary-list.pdf
ambulance,KET,3,救护车,n.,身体与健康,The ambulance arrives quickly.,救护车很快就到了。,[],结合例句与生活场景整体记忆，不按相同字母强行拆词。,0,,https://www.cambridgeenglish.org/images/506886-a2-key-2020-vocabulary-list.pdf
appointment,KET,3,预约,n.,身体与健康,I have a dentist appointment tomorrow.,我明天预约了牙医。,[],结合例句与生活场景整体记忆，不按相同字母强行拆词。,0,,https://www.cambridgeenglish.org/images/506886-a2-key-2020-vocabulary-list.pdf
exercise,KET,2,锻炼；练习,n.; v.,身体与健康,A walk is good exercise.,散步是一种很好的锻炼。,[],结合例句与生活场景整体记忆，不按相同字母强行拆词。,0,,https://www.cambridgeenglish.org/images/506886-a2-key-2020-vocabulary-list.pdf
rest,KET,1,休息,n.; v.,身体与健康,Let's rest under this tree.,我们在这棵树下休息吧。,[],结合例句与生活场景整体记忆，不按相同字母强行拆词。,0,,https://www.cambridgeenglish.org/images/506886-a2-key-2020-vocabulary-list.pdf
hurt,KET,2,受伤；疼痛,v.,身体与健康,My feet hurt after the walk.,走路后我的脚疼。,[],结合例句与生活场景整体记忆，不按相同字母强行拆词。,0,,https://www.cambridgeenglish.org/images/506886-a2-key-2020-vocabulary-list.pdf
accident,KET,3,意外；事故,n.,身体与健康,He broke the cup by accident.,他不小心打碎了杯子。,[],结合例句与生活场景整体记忆，不按相同字母强行拆词。,0,,https://www.cambridgeenglish.org/images/506886-a2-key-2020-vocabulary-list.pdf
sweater,KET,1,毛衣,n.,衣服与购物,This sweater is warm.,这件毛衣很暖和。,[],结合例句与生活场景整体记忆，不按相同字母强行拆词。,0,,https://www.cambridgeenglish.org/images/506886-a2-key-2020-vocabulary-list.pdf
jacket,KET,1,夹克,n.,衣服与购物,Take a jacket for the evening.,带件夹克晚上穿。,[],结合例句与生活场景整体记忆，不按相同字母强行拆词。,0,,https://www.cambridgeenglish.org/images/506886-a2-key-2020-vocabulary-list.pdf
trousers,KET,1,裤子,n.,衣服与购物,His trousers are too long.,他的裤子太长了。,[],结合例句与生活场景整体记忆，不按相同字母强行拆词。,0,,https://www.cambridgeenglish.org/images/506886-a2-key-2020-vocabulary-list.pdf
jeans,KET,1,牛仔裤,n.,衣服与购物,I wear jeans at the weekend.,我周末穿牛仔裤。,[],结合例句与生活场景整体记忆，不按相同字母强行拆词。,0,,https://www.cambridgeenglish.org/images/506886-a2-key-2020-vocabulary-list.pdf
shorts,KET,1,短裤,n.,衣服与购物,These shorts are good for running.,这条短裤适合跑步。,[],结合例句与生活场景整体记忆，不按相同字母强行拆词。,0,,https://www.cambridgeenglish.org/images/506886-a2-key-2020-vocabulary-list.pdf
skirt,KET,1,裙子,n.,衣服与购物,She chooses a green skirt.,她选了一条绿色的裙子。,[],结合例句与生活场景整体记忆，不按相同字母强行拆词。,0,,https://www.cambridgeenglish.org/images/506886-a2-key-2020-vocabulary-list.pdf
scarf,KET,1,围巾,n.,衣服与购物,Grandma made me a scarf.,奶奶给我做了一条围巾。,[],结合例句与生活场景整体记忆，不按相同字母强行拆词。,0,,https://www.cambridgeenglish.org/images/506886-a2-key-2020-vocabulary-list.pdf
glove,KET,1,手套,n.,衣服与购物,I lost one glove in the park.,我在公园丢了一只手套。,[],结合例句与生活场景整体记忆，不按相同字母强行拆词。,0,,https://www.cambridgeenglish.org/images/506886-a2-key-2020-vocabulary-list.pdf
sock,KET,1,袜子,n.,衣服与购物,There is a sock under the bed.,床底下有一只袜子。,[],结合例句与生活场景整体记忆，不按相同字母强行拆词。,0,,https://www.cambridgeenglish.org/images/506886-a2-key-2020-vocabulary-list.pdf
boot,KET,1,靴子,n.,衣服与购物,One boot is full of water.,一只靴子里都是水。,[],结合例句与生活场景整体记忆，不按相同字母强行拆词。,0,,https://www.cambridgeenglish.org/images/506886-a2-key-2020-vocabulary-list.pdf
sunglasses,KET,1,太阳镜,n.,衣服与购物,Wear sunglasses in bright sunshine.,阳光强烈时戴太阳镜。,"[{""text"": ""sun"", ""kind"": ""compound"", ""meaning"": ""太阳""}, {""text"": ""glasses"", ""kind"": ""compound"", ""meaning"": ""眼镜""}]",这是现代英语中可以辨认的合成成分。把两个意思连起来理解，再用例句确认完整词义。,0,,https://www.cambridgeenglish.org/images/506886-a2-key-2020-vocabulary-list.pdf
handbag,KET,1,手提包,n.,衣服与购物,Her keys are in her handbag.,她的钥匙在手提包里。,"[{""text"": ""hand"", ""kind"": ""compound"", ""meaning"": ""手""}, {""text"": ""bag"", ""kind"": ""compound"", ""meaning"": ""包""}]",这是现代英语中可以辨认的合成成分。把两个意思连起来理解，再用例句确认完整词义。,0,,https://www.cambridgeenglish.org/images/506886-a2-key-2020-vocabulary-list.pdf
backpack,KET,1,背包,n.,衣服与购物,Put your lunch in your backpack.,把午饭放进背包。,"[{""text"": ""back"", ""kind"": ""compound"", ""meaning"": ""背""}, {""text"": ""pack"", ""kind"": ""compound"", ""meaning"": ""包""}]",这是现代英语中可以辨认的合成成分。把两个意思连起来理解，再用例句确认完整词义。,0,,https://www.cambridgeenglish.org/images/506886-a2-key-2020-vocabulary-list.pdf
pocket,KET,1,口袋,n.,衣服与购物,My ticket is in my pocket.,我的票在口袋里。,[],结合例句与生活场景整体记忆，不按相同字母强行拆词。,0,,https://www.cambridgeenglish.org/images/506886-a2-key-2020-vocabulary-list.pdf
uniform,KET,2,制服；校服,n.,衣服与购物,We wear a uniform at school.,我们在学校穿校服。,[],结合例句与生活场景整体记忆，不按相同字母强行拆词。,0,,https://www.cambridgeenglish.org/images/506886-a2-key-2020-vocabulary-list.pdf
size,KET,2,尺寸,n.,衣服与购物,Do you have this in a smaller size?,这件有小一点的尺码吗？,[],结合例句与生活场景整体记忆，不按相同字母强行拆词。,0,,https://www.cambridgeenglish.org/images/506886-a2-key-2020-vocabulary-list.pdf
price,KET,2,价格,n.,衣服与购物,The price is on the box.,价格标在箱子上。,[],结合例句与生活场景整体记忆，不按相同字母强行拆词。,0,,https://www.cambridgeenglish.org/images/506886-a2-key-2020-vocabulary-list.pdf
expensive,KET,3,昂贵的,adj.,衣服与购物,That bike is too expensive.,那辆自行车太贵了。,[],结合例句与生活场景整体记忆，不按相同字母强行拆词。,0,,https://www.cambridgeenglish.org/images/506886-a2-key-2020-vocabulary-list.pdf
cheap,KET,1,便宜的,adj.,衣服与购物,This small notebook is cheap.,这本小笔记本很便宜。,[],结合例句与生活场景整体记忆，不按相同字母强行拆词。,0,,https://www.cambridgeenglish.org/images/506886-a2-key-2020-vocabulary-list.pdf
comfortable,KET,3,舒适的,adj.,衣服与购物,These shoes are comfortable.,这双鞋很舒服。,[],结合例句与生活场景整体记忆，不按相同字母强行拆词。,0,,https://www.cambridgeenglish.org/images/506886-a2-key-2020-vocabulary-list.pdf
fashion,KET,3,时尚,n.,衣服与购物,She likes reading about fashion.,她喜欢阅读时尚方面的内容。,[],结合例句与生活场景整体记忆，不按相同字母强行拆词。,0,,https://www.cambridgeenglish.org/images/506886-a2-key-2020-vocabulary-list.pdf
receipt,KET,3,收据,n.,衣服与购物,Keep the receipt for your shoes.,保留买鞋的收据。,[],结合例句与生活场景整体记忆，不按相同字母强行拆词。,0,,https://www.cambridgeenglish.org/images/506886-a2-key-2020-vocabulary-list.pdf
cash,KET,2,现金,n.,衣服与购物,Can I pay in cash?,我可以用现金支付吗？,[],结合例句与生活场景整体记忆，不按相同字母强行拆词。,0,,https://www.cambridgeenglish.org/images/506886-a2-key-2020-vocabulary-list.pdf
cost,KET,2,花费；费用,v.; n.,衣服与购物,How much does this book cost?,这本书多少钱？,[],结合例句与生活场景整体记忆，不按相同字母强行拆词。,0,,https://www.cambridgeenglish.org/images/506886-a2-key-2020-vocabulary-list.pdf
choose,KET,2,选择,v.,衣服与购物,You can choose one colour.,你可以选一种颜色。,[],结合例句与生活场景整体记忆，不按相同字母强行拆词。,0,,https://www.cambridgeenglish.org/images/506886-a2-key-2020-vocabulary-list.pdf
beautiful,KET,1,美丽的,adj.,描述与比较,The lake looks beautiful at sunset.,日落时湖泊看起来很美。,"[{""text"": ""beauty"", ""kind"": ""root"", ""meaning"": ""美""}, {""text"": ""-ful"", ""kind"": ""suffix"", ""meaning"": ""有……特征的；充满……的"", ""story"": ""-ful 可以追溯到古英语中表示“满的”的 full。如今它常表示具有某种特征；作后缀时只写一个 l。"", ""source"": ""https://www.merriam-webster.com/dictionary/-ful""}]",beauty 的 y 变 i 后接 -ful：beautiful。,0,,https://www.cambridgeenglish.org/images/506886-a2-key-2020-vocabulary-list.pdf
wonderful,KET,2,精彩的；极好的,adj.,描述与比较,We had a wonderful afternoon.,我们度过了一个美好的下午。,"[{""text"": ""wonder"", ""kind"": ""root"", ""meaning"": ""惊奇""}, {""text"": ""-ful"", ""kind"": ""suffix"", ""meaning"": ""有……特征的；充满……的"", ""story"": ""-ful 可以追溯到古英语中表示“满的”的 full。如今它常表示具有某种特征；作后缀时只写一个 l。"", ""source"": ""https://www.merriam-webster.com/dictionary/-ful""}]",接上 -ful，常表示具有这个词基描述的特征。,0,,https://www.cambridgeenglish.org/images/506886-a2-key-2020-vocabulary-list.pdf
useful,KET,1,有用的,adj.,描述与比较,A map is useful in a new town.,地图在陌生的城镇里很有用。,"[{""text"": ""use"", ""kind"": ""root"", ""meaning"": ""用处""}, {""text"": ""-ful"", ""kind"": ""suffix"", ""meaning"": ""有……特征的；充满……的"", ""story"": ""-ful 可以追溯到古英语中表示“满的”的 full。如今它常表示具有某种特征；作后缀时只写一个 l。"", ""source"": ""https://www.merriam-webster.com/dictionary/-ful""}]",接上 -ful，常表示具有这个词基描述的特征。,0,,https://www.cambridgeenglish.org/images/506886-a2-key-2020-vocabulary-list.pdf
different,KET,1,不同的,adj.,描述与比较,We have different ideas.,我们有不同的想法。,[],结合例句与生活场景整体记忆，不按相同字母强行拆词。,0,,https://www.cambridgeenglish.org/images/506886-a2-key-2020-vocabulary-list.pdf
difficult,KET,1,困难的,adj.,描述与比较,This question is difficult.,这个问题很难。,[],结合例句与生活场景整体记忆，不按相同字母强行拆词。,0,,https://www.cambridgeenglish.org/images/506886-a2-key-2020-vocabulary-list.pdf
important,KET,1,重要的,adj.,描述与比较,It is important to listen.,倾听很重要。,[],结合例句与生活场景整体记忆，不按相同字母强行拆词。,0,,https://www.cambridgeenglish.org/images/506886-a2-key-2020-vocabulary-list.pdf
possible,KET,3,可能的,adj.,描述与比较,Is it possible to walk there?,可以步行到那里吗？,[],结合例句与生活场景整体记忆，不按相同字母强行拆词。,0,,https://www.cambridgeenglish.org/images/506886-a2-key-2020-vocabulary-list.pdf
impossible,KET,3,不可能的,adj.,描述与比较,It is impossible to finish in a minute.,不可能在一分钟内完成。,"[{""text"": ""im-"", ""kind"": ""prefix"", ""meaning"": ""不；非""}, {""text"": ""possible"", ""kind"": ""root"", ""meaning"": ""可能的""}]",否定前缀 in- 在 possible 的 p 前写成 im-。不要把所有以 im 开头的词都按这个规则拆分。,0,,https://www.cambridgeenglish.org/images/506886-a2-key-2020-vocabulary-list.pdf
unusual,KET,3,不寻常的,adj.,描述与比较,What an unusual colour!,多么不寻常的颜色！,"[{""text"": ""un-"", ""kind"": ""prefix"", ""meaning"": ""不；非"", ""story"": ""表示否定的 un- 在古英语中就已存在，意思是“不”。给形容词加上它，常能把意思转向相反的一边。"", ""source"": ""https://www.merriam-webster.com/dictionary/un-""}, {""text"": ""usual"", ""kind"": ""root"", ""meaning"": ""通常的""}]",先说出词基的意思，再想一想加上否定前缀后发生了什么变化。,0,,https://www.cambridgeenglish.org/images/506886-a2-key-2020-vocabulary-list.pdf
usual,KET,2,通常的,adj.,描述与比较,We meet at the usual place.,我们在老地方见面。,[],结合例句与生活场景整体记忆，不按相同字母强行拆词。,0,,https://www.cambridgeenglish.org/images/506886-a2-key-2020-vocabulary-list.pdf
dangerous,KET,3,危险的,adj.,描述与比较,It is dangerous to run here.,在这里跑很危险。,"[{""text"": ""danger"", ""kind"": ""root"", ""meaning"": ""危险""}, {""text"": ""-ous"", ""kind"": ""suffix"", ""meaning"": ""有……性质的""}]",danger + -ous，把危险这个名词变成描述事物的形容词。,0,,https://www.cambridgeenglish.org/images/506886-a2-key-2020-vocabulary-list.pdf
safe,KET,1,安全的,adj.,描述与比较,This is a safe place to cross.,这是个安全的过马路地点。,[],结合例句与生活场景整体记忆，不按相同字母强行拆词。,0,,https://www.cambridgeenglish.org/images/506886-a2-key-2020-vocabulary-list.pdf
heavy,KET,1,重的,adj.,描述与比较,This bag is too heavy for me.,这个包对我来说太重了。,[],结合例句与生活场景整体记忆，不按相同字母强行拆词。,0,,https://www.cambridgeenglish.org/images/506886-a2-key-2020-vocabulary-list.pdf
light,KET,1,轻的,adj.,描述与比较,My new backpack is light.,我的新背包很轻。,[],结合例句与生活场景整体记忆，不按相同字母强行拆词。,0,,https://www.cambridgeenglish.org/images/506886-a2-key-2020-vocabulary-list.pdf
soft,KET,1,柔软的,adj.,描述与比较,The blanket feels soft.,这条毯子摸起来很柔软。,[],结合例句与生活场景整体记忆，不按相同字母强行拆词。,0,,https://www.cambridgeenglish.org/images/506886-a2-key-2020-vocabulary-list.pdf
hard,KET,1,硬的；困难的,adj.,描述与比较,The floor is hard.,地板很硬。,[],结合例句与生活场景整体记忆，不按相同字母强行拆词。,0,,https://www.cambridgeenglish.org/images/506886-a2-key-2020-vocabulary-list.pdf
wide,KET,2,宽的,adj.,描述与比较,The river is wide here.,这里的河很宽。,[],结合例句与生活场景整体记忆，不按相同字母强行拆词。,0,,https://www.cambridgeenglish.org/images/506886-a2-key-2020-vocabulary-list.pdf
empty,KET,1,空的,adj.,描述与比较,My water bottle is empty.,我的水瓶空了。,[],结合例句与生活场景整体记忆，不按相同字母强行拆词。,0,,https://www.cambridgeenglish.org/images/506886-a2-key-2020-vocabulary-list.pdf
full,KET,1,满的,adj.,描述与比较,The bus is full.,公共汽车满员了。,[],结合例句与生活场景整体记忆，不按相同字母强行拆词。,0,,https://www.cambridgeenglish.org/images/506886-a2-key-2020-vocabulary-list.pdf
enough,KET,1,足够的；足够,det.; adv.,描述与比较,We have enough chairs.,我们有足够的椅子。,[],结合例句与生活场景整体记忆，不按相同字母强行拆词。,0,,https://www.cambridgeenglish.org/images/506886-a2-key-2020-vocabulary-list.pdf
several,KET,2,几个；数个,det.,描述与比较,I have several ideas.,我有几个想法。,[],结合例句与生活场景整体记忆，不按相同字母强行拆词。,0,,https://www.cambridgeenglish.org/images/506886-a2-key-2020-vocabulary-list.pdf
excellent,KET,3,优秀的；极好的,adj.,描述与比较,That is an excellent answer.,那个答案很棒。,[],结合例句与生活场景整体记忆，不按相同字母强行拆词。,0,,https://www.cambridgeenglish.org/images/506886-a2-key-2020-vocabulary-list.pdf
famous,KET,2,著名的,adj.,描述与比较,This town is famous for cheese.,这座小镇以奶酪闻名。,[],结合例句与生活场景整体记忆，不按相同字母强行拆词。,0,,https://www.cambridgeenglish.org/images/506886-a2-key-2020-vocabulary-list.pdf
popular,KET,2,受欢迎的,adj.,描述与比较,This game is popular at school.,这个游戏在学校很受欢迎。,[],结合例句与生活场景整体记忆，不按相同字母强行拆词。,0,,https://www.cambridgeenglish.org/images/506886-a2-key-2020-vocabulary-list.pdf
special,KET,2,特别的,adj.,描述与比较,Today is a special day.,今天是特别的一天。,[],结合例句与生活场景整体记忆，不按相同字母强行拆词。,0,,https://www.cambridgeenglish.org/images/506886-a2-key-2020-vocabulary-list.pdf
borrow,KET,1,借入,v.,动作与表达,May I borrow your ruler?,我可以借你的尺子吗？,[],结合例句与生活场景整体记忆，不按相同字母强行拆词。,0,,https://www.cambridgeenglish.org/images/506886-a2-key-2020-vocabulary-list.pdf
lend,KET,1,借出,v.,动作与表达,Can you lend me a pencil?,你能借我一支铅笔吗？,[],结合例句与生活场景整体记忆，不按相同字母强行拆词。,0,,https://www.cambridgeenglish.org/images/506886-a2-key-2020-vocabulary-list.pdf
bring,KET,1,带来,v.,动作与表达,Bring your favourite book tomorrow.,明天带来你最喜欢的书。,[],结合例句与生活场景整体记忆，不按相同字母强行拆词。,0,,https://www.cambridgeenglish.org/images/506886-a2-key-2020-vocabulary-list.pdf
carry,KET,1,携带；搬运,v.,动作与表达,I can carry the small box.,我能搬这个小箱子。,[],结合例句与生活场景整体记忆，不按相同字母强行拆词。,0,,https://www.cambridgeenglish.org/images/506886-a2-key-2020-vocabulary-list.pdf
build,KET,1,建造,v.,动作与表达,We build a bridge from paper.,我们用纸搭一座桥。,[],结合例句与生活场景整体记忆，不按相同字母强行拆词。,0,,https://www.cambridgeenglish.org/images/506886-a2-key-2020-vocabulary-list.pdf
decide,KET,2,决定,v.,动作与表达,We decide to walk home.,我们决定走路回家。,[],结合例句与生活场景整体记忆，不按相同字母强行拆词。,0,,https://www.cambridgeenglish.org/images/506886-a2-key-2020-vocabulary-list.pdf
describe,KET,3,描述,v.,动作与表达,Describe your favourite animal.,描述你最喜欢的动物。,[],结合例句与生活场景整体记忆，不按相同字母强行拆词。,0,,https://www.cambridgeenglish.org/images/506886-a2-key-2020-vocabulary-list.pdf
discover,KET,3,发现,v.,动作与表达,We discover a small path.,我们发现了一条小路。,[],结合例句与生活场景整体记忆，不按相同字母强行拆词。,0,,https://www.cambridgeenglish.org/images/506886-a2-key-2020-vocabulary-list.pdf
finish,KET,1,完成,v.,动作与表达,Finish your picture before lunch.,午饭前完成你的画。,[],结合例句与生活场景整体记忆，不按相同字母强行拆词。,0,,https://www.cambridgeenglish.org/images/506886-a2-key-2020-vocabulary-list.pdf
happen,KET,2,发生,v.,动作与表达,What will happen next?,接下来会发生什么？,[],结合例句与生活场景整体记忆，不按相同字母强行拆词。,0,,https://www.cambridgeenglish.org/images/506886-a2-key-2020-vocabulary-list.pdf
improve,KET,3,改进；提高,v.,动作与表达,Practice can improve your spelling.,练习能提高你的拼写能力。,[],结合例句与生活场景整体记忆，不按相同字母强行拆词。,0,,https://www.cambridgeenglish.org/images/506886-a2-key-2020-vocabulary-list.pdf
prepare,KET,3,准备,v.,动作与表达,Let's prepare our lunch.,我们准备午饭吧。,[],结合例句与生活场景整体记忆，不按相同字母强行拆词。,0,,https://www.cambridgeenglish.org/images/506886-a2-key-2020-vocabulary-list.pdf
receive,KET,3,收到,v.,动作与表达,I receive a letter from my cousin.,我收到了表哥的一封信。,[],结合例句与生活场景整体记忆，不按相同字母强行拆词。,0,,https://www.cambridgeenglish.org/images/506886-a2-key-2020-vocabulary-list.pdf
repeat,KET,3,重复,v.,动作与表达,Please repeat the last sentence.,请重复最后一句话。,[],结合例句与生活场景整体记忆，不按相同字母强行拆词。,0,,https://www.cambridgeenglish.org/images/506886-a2-key-2020-vocabulary-list.pdf
suggest,KET,3,建议,v.,动作与表达,I suggest a game after lunch.,我建议午饭后玩个游戏。,[],结合例句与生活场景整体记忆，不按相同字母强行拆词。,0,,https://www.cambridgeenglish.org/images/506886-a2-key-2020-vocabulary-list.pdf
agree,KET,2,同意,v.,动作与表达,I agree with your idea.,我同意你的想法。,[],结合例句与生活场景整体记忆，不按相同字母强行拆词。,0,,https://www.cambridgeenglish.org/images/506886-a2-key-2020-vocabulary-list.pdf
believe,KET,2,相信,v.,动作与表达,I believe you can do it.,我相信你能做到。,[],结合例句与生活场景整体记忆，不按相同字母强行拆词。,0,,https://www.cambridgeenglish.org/images/506886-a2-key-2020-vocabulary-list.pdf
hope,KET,2,希望,v.; n.,动作与表达,I hope you enjoy the book.,我希望你喜欢这本书。,[],结合例句与生活场景整体记忆，不按相同字母强行拆词。,0,,https://www.cambridgeenglish.org/images/506886-a2-key-2020-vocabulary-list.pdf
prefer,KET,3,更喜欢,v.,动作与表达,I prefer tea to coffee.,比起咖啡我更喜欢茶。,[],结合例句与生活场景整体记忆，不按相同字母强行拆词。,0,,https://www.cambridgeenglish.org/images/506886-a2-key-2020-vocabulary-list.pdf
enjoy,KET,1,喜欢；享受,v.,动作与表达,We enjoy walking in the park.,我们喜欢在公园散步。,[],结合例句与生活场景整体记忆，不按相同字母强行拆词。,0,,https://www.cambridgeenglish.org/images/506886-a2-key-2020-vocabulary-list.pdf
need,KET,1,需要,v.; n.,动作与表达,We need a bigger table.,我们需要一张更大的桌子。,[],结合例句与生活场景整体记忆，不按相同字母强行拆词。,0,,https://www.cambridgeenglish.org/images/506886-a2-key-2020-vocabulary-list.pdf
offer,KET,2,提供；提议,v.; n.,动作与表达,Can I offer you some water?,我给你倒点水好吗？,[],结合例句与生活场景整体记忆，不按相同字母强行拆词。,0,,https://www.cambridgeenglish.org/images/506886-a2-key-2020-vocabulary-list.pdf
order,KET,2,点餐；订购,v.; n.,动作与表达,I order some soup for lunch.,我午饭点了一份汤。,[],结合例句与生活场景整体记忆，不按相同字母强行拆词。,0,,https://www.cambridgeenglish.org/images/506886-a2-key-2020-vocabulary-list.pdf
share,KET,1,分享,v.,动作与表达,Let's share these biscuits.,我们分享这些饼干吧。,[],结合例句与生活场景整体记忆，不按相同字母强行拆词。,0,,https://www.cambridgeenglish.org/images/506886-a2-key-2020-vocabulary-list.pdf
thank,KET,1,感谢,v.,动作与表达,I want to thank you for helping.,我想感谢你的帮助。,[],结合例句与生活场景整体记忆，不按相同字母强行拆词。,0,,https://www.cambridgeenglish.org/images/506886-a2-key-2020-vocabulary-list.pdf
welcome,KET,1,欢迎；受欢迎的,v.; adj.,动作与表达,We welcome the new students.,我们欢迎新同学。,[],结合例句与生活场景整体记忆，不按相同字母强行拆词。,0,,https://www.cambridgeenglish.org/images/506886-a2-key-2020-vocabulary-list.pdf
weekend,KET,1,周末,n.,时间与方式,We go hiking at the weekend.,我们周末去徒步。,"[{""text"": ""week"", ""kind"": ""compound"", ""meaning"": ""周""}, {""text"": ""end"", ""kind"": ""compound"", ""meaning"": ""末尾""}]",这是现代英语中可以辨认的合成成分。把两个意思连起来理解，再用例句确认完整词义。,0,,https://www.cambridgeenglish.org/images/506886-a2-key-2020-vocabulary-list.pdf
weekday,KET,2,工作日,n.,时间与方式,I get up early on a weekday.,我工作日早起。,"[{""text"": ""week"", ""kind"": ""compound"", ""meaning"": ""周""}, {""text"": ""day"", ""kind"": ""compound"", ""meaning"": ""天""}]",这是现代英语中可以辨认的合成成分。把两个意思连起来理解，再用例句确认完整词义。,0,,https://www.cambridgeenglish.org/images/506886-a2-key-2020-vocabulary-list.pdf
midnight,KET,2,午夜,n.,时间与方式,The train arrives at midnight.,火车午夜到达。,[],结合例句与生活场景整体记忆，不按相同字母强行拆词。,0,,https://www.cambridgeenglish.org/images/506886-a2-key-2020-vocabulary-list.pdf
afternoon,KET,1,下午,n.,时间与方式,We have art in the afternoon.,我们下午上美术课。,[],结合例句与生活场景整体记忆，不按相同字母强行拆词。,0,,https://www.cambridgeenglish.org/images/506886-a2-key-2020-vocabulary-list.pdf
evening,KET,1,傍晚；晚上,n.,时间与方式,I read in the evening.,我晚上看书。,[],结合例句与生活场景整体记忆，不按相同字母强行拆词。,0,,https://www.cambridgeenglish.org/images/506886-a2-key-2020-vocabulary-list.pdf
yesterday,KET,1,昨天,adv.; n.,时间与方式,We visited the zoo yesterday.,我们昨天去了动物园。,[],结合例句与生活场景整体记忆，不按相同字母强行拆词。,0,,https://www.cambridgeenglish.org/images/506886-a2-key-2020-vocabulary-list.pdf
tomorrow,KET,1,明天,adv.; n.,时间与方式,I will call you tomorrow.,我明天给你打电话。,[],结合例句与生活场景整体记忆，不按相同字母强行拆词。,0,,https://www.cambridgeenglish.org/images/506886-a2-key-2020-vocabulary-list.pdf
already,KET,2,已经,adv.,时间与方式,I have already finished my lunch.,我已经吃完了午饭。,[],结合例句与生活场景整体记忆，不按相同字母强行拆词。,0,,https://www.cambridgeenglish.org/images/506886-a2-key-2020-vocabulary-list.pdf
soon,KET,1,很快；不久,adv.,时间与方式,The bus will arrive soon.,公共汽车很快就到。,[],结合例句与生活场景整体记忆，不按相同字母强行拆词。,0,,https://www.cambridgeenglish.org/images/506886-a2-key-2020-vocabulary-list.pdf
later,KET,1,稍后；后来,adv.,时间与方式,See you later.,一会儿见。,[],结合例句与生活场景整体记忆，不按相同字母强行拆词。,0,,https://www.cambridgeenglish.org/images/506886-a2-key-2020-vocabulary-list.pdf
usually,KET,1,通常,adv.,时间与方式,I usually walk to school.,我通常走路上学。,"[{""text"": ""usual"", ""kind"": ""root"", ""meaning"": ""通常的""}, {""text"": ""-ly"", ""kind"": ""suffix"", ""meaning"": ""以……的方式（构成副词）""}]",这里的 -ly 把形容词变成副词，用来说明动作如何发生。,0,,https://www.cambridgeenglish.org/images/506886-a2-key-2020-vocabulary-list.pdf
sometimes,KET,1,有时,adv.,时间与方式,We sometimes eat outside.,我们有时在外面吃饭。,[],结合例句与生活场景整体记忆，不按相同字母强行拆词。,0,,https://www.cambridgeenglish.org/images/506886-a2-key-2020-vocabulary-list.pdf
never,KET,1,从不,adv.,时间与方式,I never leave my bike unlocked.,我从不让自行车不上锁。,[],结合例句与生活场景整体记忆，不按相同字母强行拆词。,0,,https://www.cambridgeenglish.org/images/506886-a2-key-2020-vocabulary-list.pdf
quickly,KET,1,迅速地,adv.,时间与方式,She finds the answer quickly.,她很快找到了答案。,"[{""text"": ""quick"", ""kind"": ""root"", ""meaning"": ""快的""}, {""text"": ""-ly"", ""kind"": ""suffix"", ""meaning"": ""以……的方式（构成副词）""}]",这里的 -ly 把形容词变成副词，用来说明动作如何发生。,0,,https://www.cambridgeenglish.org/images/506886-a2-key-2020-vocabulary-list.pdf
slowly,KET,1,缓慢地,adv.,时间与方式,Read the sentence slowly.,慢慢读这个句子。,"[{""text"": ""slow"", ""kind"": ""root"", ""meaning"": ""慢的""}, {""text"": ""-ly"", ""kind"": ""suffix"", ""meaning"": ""以……的方式（构成副词）""}]",这里的 -ly 把形容词变成副词，用来说明动作如何发生。,0,,https://www.cambridgeenglish.org/images/506886-a2-key-2020-vocabulary-list.pdf
carefully,KET,2,仔细地；小心地,adv.,时间与方式,Listen carefully to the teacher.,仔细听老师讲。,"[{""text"": ""careful"", ""kind"": ""root"", ""meaning"": ""仔细的""}, {""text"": ""-ly"", ""kind"": ""suffix"", ""meaning"": ""以……的方式（构成副词）""}]",这里的 -ly 把形容词变成副词，用来说明动作如何发生。,0,,https://www.cambridgeenglish.org/images/506886-a2-key-2020-vocabulary-list.pdf
suddenly,KET,3,突然,adv.,时间与方式,Suddenly the lights go out.,灯突然熄灭了。,"[{""text"": ""sudden"", ""kind"": ""root"", ""meaning"": ""突然的""}, {""text"": ""-ly"", ""kind"": ""suffix"", ""meaning"": ""以……的方式（构成副词）""}]",这里的 -ly 把形容词变成副词，用来说明动作如何发生。,0,,https://www.cambridgeenglish.org/images/506886-a2-key-2020-vocabulary-list.pdf
probably,KET,3,大概；很可能,adv.,时间与方式,It will probably rain tonight.,今晚很可能下雨。,[],结合例句与生活场景整体记忆，不按相同字母强行拆词。,0,,https://www.cambridgeenglish.org/images/506886-a2-key-2020-vocabulary-list.pdf
perhaps,KET,2,也许,adv.,时间与方式,Perhaps we can try again.,也许我们可以再试一次。,[],结合例句与生活场景整体记忆，不按相同字母强行拆词。,0,,https://www.cambridgeenglish.org/images/506886-a2-key-2020-vocabulary-list.pdf
especially,KET,3,尤其,adv.,时间与方式,"I like fruit, especially grapes.",我喜欢水果尤其是葡萄。,[],结合例句与生活场景整体记忆，不按相同字母强行拆词。,0,,https://www.cambridgeenglish.org/images/506886-a2-key-2020-vocabulary-list.pdf
computer,KET,1,电脑,n.,科技与信息,Our computer is on the desk.,我们的电脑在桌上。,[],结合例句与生活场景整体记忆，不按相同字母强行拆词。,0,,https://www.cambridgeenglish.org/images/506886-a2-key-2020-vocabulary-list.pdf
keyboard,KET,1,键盘,n.,科技与信息,This keyboard is very quiet.,这个键盘很安静。,"[{""text"": ""key"", ""kind"": ""compound"", ""meaning"": ""按键""}, {""text"": ""board"", ""kind"": ""compound"", ""meaning"": ""板""}]",这是现代英语中可以辨认的合成成分。把两个意思连起来理解，再用例句确认完整词义。,0,,https://www.cambridgeenglish.org/images/506886-a2-key-2020-vocabulary-list.pdf
screen,KET,1,屏幕,n.,科技与信息,The answer appears on the screen.,答案出现在屏幕上。,[],结合例句与生活场景整体记忆，不按相同字母强行拆词。,0,,https://www.cambridgeenglish.org/images/506886-a2-key-2020-vocabulary-list.pdf
printer,KET,1,打印机,n.,科技与信息,The printer needs more paper.,打印机需要更多纸。,"[{""text"": ""print"", ""kind"": ""root"", ""meaning"": ""打印""}, {""text"": ""-er"", ""kind"": ""suffix"", ""meaning"": ""做某事的人或物"", ""story"": ""表示做事者的 -er 有古英语 -ere 等历史来源。它常把动作变成做这个动作的人；比较级里的 -er 是另一种用法。"", ""source"": ""https://www.merriam-webster.com/dictionary/-er""}]",动作词 + -er，表示做这件事的人；printer 在本课指执行打印动作的机器。,0,,https://www.cambridgeenglish.org/images/506886-a2-key-2020-vocabulary-list.pdf
website,KET,2,网站,n.,科技与信息,The school website has new photos.,学校网站有新照片。,"[{""text"": ""web"", ""kind"": ""compound"", ""meaning"": ""网络""}, {""text"": ""site"", ""kind"": ""compound"", ""meaning"": ""站点""}]",这是现代英语中可以辨认的合成成分。把两个意思连起来理解，再用例句确认完整词义。,0,,https://www.cambridgeenglish.org/images/506886-a2-key-2020-vocabulary-list.pdf
password,KET,2,密码,n.,科技与信息,Keep your password private.,保护好你的密码。,[],结合例句与生活场景整体记忆，不按相同字母强行拆词。,0,,https://www.cambridgeenglish.org/images/506886-a2-key-2020-vocabulary-list.pdf
download,KET,2,下载,v.; n.,科技与信息,You can download the worksheet.,你可以下载练习卷。,[],结合例句与生活场景整体记忆，不按相同字母强行拆词。,0,,https://www.cambridgeenglish.org/images/506886-a2-key-2020-vocabulary-list.pdf
upload,KET,2,上传,v.; n.,科技与信息,I upload a photo of my painting.,我上传了一张画作的照片。,[],结合例句与生活场景整体记忆，不按相同字母强行拆词。,0,,https://www.cambridgeenglish.org/images/506886-a2-key-2020-vocabulary-list.pdf
message,KET,2,消息,n.,科技与信息,I leave a message for my friend.,我给朋友留了条消息。,[],结合例句与生活场景整体记忆，不按相同字母强行拆词。,0,,https://www.cambridgeenglish.org/images/506886-a2-key-2020-vocabulary-list.pdf
information,KET,3,信息,n.,科技与信息,The notice gives us useful information.,通知给了我们有用的信息。,[],结合例句与生活场景整体记忆，不按相同字母强行拆词。,0,,https://www.cambridgeenglish.org/images/506886-a2-key-2020-vocabulary-list.pdf
instructions,KET,3,指示；说明,n. pl.,科技与信息,Read the instructions before you start.,开始前阅读说明。,[],结合例句与生活场景整体记忆，不按相同字母强行拆词。,0,,https://www.cambridgeenglish.org/images/506886-a2-key-2020-vocabulary-list.pdf
advertisement,KET,3,广告,n.,科技与信息,The advertisement shows a new bike.,这则广告展示了一辆新自行车。,[],结合例句与生活场景整体记忆，不按相同字母强行拆词。,0,,https://www.cambridgeenglish.org/images/506886-a2-key-2020-vocabulary-list.pdf
magazine,KET,2,杂志,n.,科技与信息,This magazine is about animals.,这本杂志是关于动物的。,[],结合例句与生活场景整体记忆，不按相同字母强行拆词。,0,,https://www.cambridgeenglish.org/images/506886-a2-key-2020-vocabulary-list.pdf
newspaper,KET,2,报纸,n.,科技与信息,Grandpa reads the newspaper after breakfast.,爷爷早饭后读报纸。,"[{""text"": ""news"", ""kind"": ""compound"", ""meaning"": ""新闻""}, {""text"": ""paper"", ""kind"": ""compound"", ""meaning"": ""纸；报纸""}]",这是现代英语中可以辨认的合成成分。把两个意思连起来理解，再用例句确认完整词义。,0,,https://www.cambridgeenglish.org/images/506886-a2-key-2020-vocabulary-list.pdf
photograph,KET,3,照片；拍照,n.; v.,科技与信息,This photograph shows our old house.,这张照片上是我们的老房子。,[],结合例句与生活场景整体记忆，不按相同字母强行拆词。,0,,https://www.cambridgeenglish.org/images/506886-a2-key-2020-vocabulary-list.pdf
camera,KET,1,照相机,n.,科技与信息,Take your camera on the trip.,旅行时带上你的相机。,[],结合例句与生活场景整体记忆，不按相同字母强行拆词。,0,,https://www.cambridgeenglish.org/images/506886-a2-key-2020-vocabulary-list.pdf
battery,KET,1,电池,n.,科技与信息,My camera needs a new battery.,我的相机需要新电池。,[],结合例句与生活场景整体记忆，不按相同字母强行拆词。,0,,https://www.cambridgeenglish.org/images/506886-a2-key-2020-vocabulary-list.pdf
electric,KET,3,电的；电动的,adj.,科技与信息,My uncle drives an electric car.,我的叔叔开电动汽车。,[],结合例句与生活场景整体记忆，不按相同字母强行拆词。,0,,https://www.cambridgeenglish.org/images/506886-a2-key-2020-vocabulary-list.pdf
machine,KET,3,机器,n.,科技与信息,This machine makes ice cream.,这台机器制作冰淇淋。,[],结合例句与生活场景整体记忆，不按相同字母强行拆词。,0,,https://www.cambridgeenglish.org/images/506886-a2-key-2020-vocabulary-list.pdf
mobile phone,KET,2,手机,n.,科技与信息,Please turn off your mobile phone.,请关掉你的手机。,[],结合例句与生活场景整体记忆，不按相同字母强行拆词。,0,cell phone,https://www.cambridgeenglish.org/images/506886-a2-key-2020-vocabulary-list.pdf
a,KET,1,一个；一件,det.,基础常见词（默认过滤）,I have a pencil.,我有一支铅笔。,[],结合例句与生活场景整体记忆，不按相同字母强行拆词。,1,,https://www.cambridgeenglish.org/images/506886-a2-key-2020-vocabulary-list.pdf
an,KET,1,一个（用于元音音素前）,det.,基础常见词（默认过滤）,She has an apple.,她有一个苹果。,[],结合例句与生活场景整体记忆，不按相同字母强行拆词。,1,,https://www.cambridgeenglish.org/images/506886-a2-key-2020-vocabulary-list.pdf
lot,KET,1,大量（常用于 a lot of）,n.,基础常见词（默认过滤）,We have a lot of time.,我们有很多时间。,[],结合例句与生活场景整体记忆，不按相同字母强行拆词。,1,,https://www.cambridgeenglish.org/images/506886-a2-key-2020-vocabulary-list.pdf
many,KET,1,许多,det.,基础常见词（默认过滤）,Many children like this game.,许多孩子喜欢这个游戏。,[],结合例句与生活场景整体记忆，不按相同字母强行拆词。,1,,https://www.cambridgeenglish.org/images/506886-a2-key-2020-vocabulary-list.pdf
much,KET,1,许多（修饰不可数名词）,det.,基础常见词（默认过滤）,There is not much milk.,牛奶不多了。,[],结合例句与生活场景整体记忆，不按相同字母强行拆词。,1,,https://www.cambridgeenglish.org/images/506886-a2-key-2020-vocabulary-list.pdf
the,KET,1,这；那（特指）,det.,基础常见词（默认过滤）,"Close the door, please.",请关上那扇门。,[],结合例句与生活场景整体记忆，不按相同字母强行拆词。,1,,https://www.cambridgeenglish.org/images/506886-a2-key-2020-vocabulary-list.pdf
some,KET,1,一些,det.,基础常见词（默认过滤）,I need some water.,我需要一些水。,[],结合例句与生活场景整体记忆，不按相同字母强行拆词。,1,,https://www.cambridgeenglish.org/images/506886-a2-key-2020-vocabulary-list.pdf
very,KET,1,很；非常,adv.,基础常见词（默认过滤）,The room is very small.,这个房间很小。,[],结合例句与生活场景整体记忆，不按相同字母强行拆词。,1,,https://www.cambridgeenglish.org/images/506886-a2-key-2020-vocabulary-list.pdf
good,KET,1,好的,adj.,基础常见词（默认过滤）,That is a good idea.,那是个好主意。,[],结合例句与生活场景整体记忆，不按相同字母强行拆词。,1,,https://www.cambridgeenglish.org/images/506886-a2-key-2020-vocabulary-list.pdf
big,KET,1,大的,adj.,基础常见词（默认过滤）,We have a big table.,我们有一张大桌子。,[],结合例句与生活场景整体记忆，不按相同字母强行拆词。,1,,https://www.cambridgeenglish.org/images/506886-a2-key-2020-vocabulary-list.pdf
small,KET,1,小的,adj.,基础常见词（默认过滤）,The box is small.,这个箱子很小。,[],结合例句与生活场景整体记忆，不按相同字母强行拆词。,1,,https://www.cambridgeenglish.org/images/506886-a2-key-2020-vocabulary-list.pdf
go,KET,1,去,v.,基础常见词（默认过滤）,We go home at four.,我们四点回家。,[],结合例句与生活场景整体记忆，不按相同字母强行拆词。,1,,https://www.cambridgeenglish.org/images/506886-a2-key-2020-vocabulary-list.pdf
come,KET,1,来,v.,基础常见词（默认过滤）,Come and sit with us.,过来和我们一起坐吧。,[],结合例句与生活场景整体记忆，不按相同字母强行拆词。,1,,https://www.cambridgeenglish.org/images/506886-a2-key-2020-vocabulary-list.pdf
get,KET,1,得到；获得,v.,基础常见词（默认过滤）,I get a book for my birthday.,我生日时得到一本书。,[],结合例句与生活场景整体记忆，不按相同字母强行拆词。,1,,https://www.cambridgeenglish.org/images/506886-a2-key-2020-vocabulary-list.pdf
